MatchNumber,Date,HomeTeam,AwayTeam,HomeLineup,AwayLineup
1,2024-08-15,Athletic,Getafe,"alex padilla, yuri berchiche, aitor paredes, yeray alvarez, andoni gorosabel, mikel vesga, beñat prados, alex berenguer, oihan sancet, iñaki williams, gorka guruzeta","david soria, juan iglesias, djene, omar alderete, diego rico, nabil aberdin, carles perez, luis milla, mauro arambarri, alex sola, christantus uche"
2,2024-08-15,Real Betis,Girona,"rui silva, romain perraud, diego llorente, marc bartra, yossouf sabaly, marc roca, william carvalho, juanmi, nabil fekir, pablo fornals, aitor ruibal","paulo gazzaniga, arnau martinez, david lopez, daley blind, miguel gutierrez, yangel herrera, oriol romeu, ivan martin, bryan gil, abel ruiz, portu"
3,2024-08-16,Celta,Alavés,"ivan villar, carlos dominguez, carl starfelt, javier manquillo, oscar mingueza, fran beltran, damian rodriguez, hugo alvarez, jonathan bamba, iago aspas, anastasios douvikas","antonio sivera, carlos vicente, abdel abqar, nahuel tenaglia, moussa diarra, ander guevara, antonio blanco, luka romero, jon guridi, tomas conechny, kike garcia"
4,2024-08-16,Las Palmas,Sevilla,"jasper cillessen, alex muñoz, mika marmol, alex suarez, marvin park, kirian rodriguez, enzo loiodice, alberto moleiro, javi muñoz, jaime mata, oliver mcburnie","orjan nyland, jose angel carmona, tanguy nianzou, nemanja gudelj, adria pedrosa, lucien agoume, djibril sow, lucas ocampos, juanlu sanchez, dodi lukebakio, isaac romero"
5,2024-08-17,Osasuna,Leganés,"sergio herrera, abel bretones, jorge herrando, alejandro catena, jesus areso, moi gomez, lucas torro, iker muñoz, aimar oroz, ante budimir, ruben garcia","juan soriano, valentin rosier, aritz arambarri, sergio gonzalez, javier hernandez, darko brasanac, yvan neyou, juan cruz, seydouba cisse, enric franquesa, miguel de la fuente"
6,2024-08-17,Valencia,Barcelona,"giorgi mamardashvili, jesus vazquez, yarek gasiorowski, cristhian mosquera, thierry correia, diego lopez, javi guerra, pepelu, rafa mir, hugo duro, andre almeida","marc-andre ter stegen, jules kounde, iñigo martinez, alejandro balde, marc bernal, marc casado, lamine yamal, raphinha, ferran torres, robert lewandowski"
7,2024-08-18,R. Sociedad,Rayo Vallecano,"alex remiro, javi lopez, jon pacheco, aritz elustondo, hamari traore, beñat turrientes, urko gonzalez, brais mendez, sheraldo becker, mikel oyarzabal, takefusa kubo","dani cardenas, andrei ratiu, florian lejeune, abdul mumin, alfonso espino, jorge de frutos, unai lopez, oscar valentin, adrian embarba, randy nteka, isi palazon"
8,2024-08-18,Mallorca,Real Madrid,"dominik greif, johan mojica, antonio raillo, martin valjent, pablo maffeo, samu costa, omar mascarell, sergi darder, dani rodriguez, vedat muriqi, takuma asano","thibaut courtois, daniel carvajal, eder militao, antonio rudiger, ferland mendy, federico valverde, aurelien tchouameni, jude bellingham, rodrygo, kylian mbappe, vinicius junior"
9,2024-08-19,Real Valladolid,Espanyol,"karl hein, lucas rosa, enzo boyomo, javi sanchez, luis perez, raul moro, selim amallah, eray comert, kike perez, amath ndiaye, mamadou sylla","joan garcia, alvaro tejero, omar el hilali, sergi gomez, leandro cabrera, carlos romero, pere milla, jose gragera, pol lozano, alejo veliz, javi puado"
10,2024-08-19,Villarreal,Atlético,"diego conde, sergi cardona, eric bailly, raul albiol, kiko femenia, alex baena, santi comesaña, dani parejo, yeremy pino, arnaut danjuma, gerard moreno","jan oblak, cesaz azpilicueta, axel witsel, robin le normand, marcos llorente, pablo barrios, koke, reinildo mandava, antoine griezmann, samuel lino, alexander sorloth"
11,2024-08-23,Celta,Valencia,"ivan villar, carlos dominguez, jailson, javi rodriguez, oscar mingueza, fran beltran, damian rodriguez, hugo alvarez, williot swedberg, anastasios douvikas, iago aspas","giorgi mamardashvili, thierry correia, cristhian mosquera, yarek gasiorowski, jesus vazquez, rafa mir, pepelu, javi guerra, diego lopez, andre almeida, hugo duro"
12,2024-08-23,Sevilla,Villarreal,"orjan nyland, adria pedrosa, kike salas, loic bade, jose angel carmona, saul ñiguez, lucien agoume, juanlu sanchez, lucas ocampos, isaac romero, dodi lukebakio","diego conde, kiko femenia, willy kambwala, eric bailly, sergi cardona, ilias akhomach, santi comesaña, pape gueye, alex baena, nicolas pepe, arnaut danjuma"
13,2024-08-24,Osasuna,Mallorca,"sergio herrera, abel bretones, jorge herrando, alejandro catena, jesus areso, lucas torro, bryan zaragoza, aimar oroz, jon moncayola, ruben garcia, ante budimir","dominik greif, pablo maffeo, martin valjent, antonio raillo, johan mojica, samu costa, omar mascarell, sergi darder, takuma asano, vedat muriqi, dani rodriguez"
14,2024-08-24,Barcelona,Athletic,"marc-andre ter stegen, alejandro balde, iñigo martinez, pau cubarsi, jules kounde, pedri, marc bernal, ferran torres, raphinha, lamine yamal, robert lewandowski","alex padilla, iñigo lekue, dani vivian, yeray alvarez, yuri berchiche, beñat prados, mikel vesga, alex berenguer, oihan sancet, nico williams, iñaki williams"
15,2024-08-24,Espanyol,R. Sociedad,"joan garcia, carlos romero, leandro cabrera, marash kumbulla, omar el hilali, irvin cardona, jose gragera, alex kral, jofre carreras, javi puado, alejo veliz","alex remiro, hamari traore, aritz elustondo, jon pacheco, javi lopez, martin zubimendi, sergio gomez, brais mendez, beñat turrientes, sheraldo becker, mikel oyarzabal"
16,2024-08-24,Getafe,Rayo Vallecano,"david soria, diego rico, omar alderete, djene, juan iglesias, nabil aberdin, luis milla, alex sola, carles aleña, carles perez, christantus uche","dani cardenas, ivan balliu, florian lejeune, abdul mumin, alfonso espino, oscar valentin, pathe ciss, jorge de frutos, oscar trejo, adrian embarba, randy nteka"
17,2024-08-25,Real Madrid,Real Valladolid,"thibaut courtois, fran garcia, antonio rudiger, eder militao, daniel carvajal, aruelien tchouameni, federico valverde, vinicius junior, arda guler, rodrygo, kylian mbappe","karl hein, luis perez, eray comert, enzo boyomo, lucas rosa, stanko juric, ivan sanchez, kike perez, victor messeguer, darwin machis, marcos andre"
18,2024-08-25,Leganés,Las Palmas,"juan soriano, javier hernandez, sergio gonzalez, artiz arambarri, valentin rosier, yvan neyou, seydouba cisse, oscar rodriguez, dani raba, darko brasanac, miguel de la fuente","jasper cillessen, alex suarez, scott mckenna, mika marmol, alex muñoz, javi muñoz, kirian rodriguez, marvin park, alberto moleiro, sandro ramirez, oliver mcburnie"
19,2024-08-25,Alavés,Real Betis,"antonio sivera, manu sanchez, alexsandar sedlar, abdel abqar, nahuel tenaglia, tomas conechny, ander guevara, antonio blanco, carlos vicente, kike garcia, stoichkov","rui silva, youssouf sabaly, marc bartra, diego llorente, ricardo rodriguez, william carvalho, marc roca, pablo fornals, nabil fekir, juanmi, aitor ruibal"
20,2024-08-25,Atlético,Girona,"jan oblak, rodrigo riquelme, cesar azpilicueta, jose maria gimenez, robin le normand, marcos llorente, samuel lino, pablo barrios, rodrigo de paul, julian alvarez, antoine griezmann","paulo gazzaniga, arnau martinez, david lopez, daley blind, miguel gutierrez, ivan martin, oriol romeu, yangel herrera, viktor tsygankov, abel ruiz, bryan gil"
21,2024-08-26,Villarreal,Celta,"diego conde, sergi cardona, eric bailly, raul albiol, kiko femenia, alex baena, dani parejo, santi comesaña, yeremy pino, arnaut danjuma, gerard moreno","ivan villar, jailson, carl starfelt, javier manquillo, oscar mingueza, damian rodriguez, ilaix moriba, sergio carreira, alfon gonzalez, borja iglesias, jonathan bamba"
22,2024-08-27,Mallorca,Sevilla,"leo roman, johan mojica, antonio raillo, martin valjent, pablo maffeo, sergi darder, manu morlanes, samu costa, cyle larin, vedat muriqi, antonio sanchez","orjan nyland, jose angel carmona, loic bade, nemanja gudelj, adria pedrosa, djibril sow, albert sambi lokonga, saul ñiguez, dodi lukebakio, kelechi iheanacho, chidera ejuke"
23,2024-08-27,Rayo Vallecano,Barcelona,"dani cardenas, alfonso espino, abdul mumin, florian lejeune, ivan balliu, alvaro garcia, oscar valentin, unai lopez, jorge de frutos, isi palazon, sergio camello","marc-andre ter stegen, jules kounde, pau cubarsi, iñigo martinez, gerard martin, marc bernal, pedri, lamine yamal, raphinha, ferran torres, robert lewandowski"
24,2024-08-28,Athletic,Valencia,"julen agirrezabala, adama boiro, yeray alvarez, dani vivian, oscar de marcos, beñat prados, mikel jauregizar, alvaro djalo, oihan sancet, iñaki williams, gorka guruzeta","giorgi mamardashvili, dimitri foulquier, cesar tarrega, cristhian mosquera, jesus vazquez, diego lopez, pepelu, hugo guillamon, luis rioja, hugo duro, rafa mir"
25,2024-08-28,Real Valladolid,Leganés,"karl hein, lucas rosa, enzo boyomo, javi sanchez, luis perez, selim amallah, stanko juric, kike perez, raul moro, mamadou sylla, amath ndiaye","juan soriano, valentin rosier, jorge saenz, sergio gonzalez, javier hernandez, yvan neyou, seydouba cisse, juan cruz, julian chicco, enric franquesa, miguel de la fuente"
26,2024-08-28,Atlético,Espanyol,"jan oblak, rodrigo riquelme, cesar azpilicueta, axel witsel, robin le normand, nahuel molina, samuel lino, koke, rodrigo de paul, alexander sorloth, julian alvarez","joan garcia, alvaro tejero, omar el hilali, fernando calero, marash kumbulla, carlos romero, alex kral, jose gragera, alvaro aguado, alejo veliz, javi puado"
27,2024-08-28,R. Sociedad,Alavés,"alex remiro, javi lopez, jon pacheco, igor zubeldia, hamari traore, sergio gomez, brais mendez, martin zubimendi, takefusa kubo, mikel oyarzabal, sheraldo becker","antonio sivera, hugo novoa, abdel abqar, adrian pica, moussa diarra, ander guevara, carlos protesoni, carlos vicente, jon guridi, abde rebbach, asier villalibre"
28,2024-08-29,Girona,Osasuna,"paulo gazzaniga, miguel gutierrez, daley blind, david lopez, alejandro frances, bryan gil, ivan martin, yangel herrera, viktor tsygankov, bojan miovski, abel ruiz","sergio herrera, nacho vidal, alejandro catena, jorge herrando, juan cruz, lucas torro, moi gomez, jon moncayola, aimar oroz, bryan zaragoza, ante budimir"
29,2024-08-29,Las Palmas,Real Madrid,"jasper cillessen, mika marmol, scott mckenna, alex suarez, marvin park, jose campaña, alberto moleiro, kirian rodriguez, javi muñoz, sandro ramirez, oliver mcburnie","thibaut courtois, lucas vazquez, eder militao, antonio rudiger, ferland mendy, federico valverde, aurelien tchouameni, brahim diaz, luka modric, vinicius junior, kylian mbappe"
30,2024-09-18,Real Betis,Getafe,"rui silva, romain perraud, natan, diego llorente, hector bellerin, marc roca, sergi altimira, abde ezzalzouli, giovanni lo celso, pablo fornals, vitor roque","david soria, juan iglesias, djene, omar alderete, diego rico, luis milla, christantus uche, alex sola, carles aleña, peter federico, bertug yildirim"
31,2024-08-31,Barcelona,Real Valladolid,"marc-andre ter stegen, alejandro balde, iñigo martinez, pau cubarsi, jules kounde, pedri, marc casado, dani olmo, raphinha, robert lewandowski, lamine yamal","karl hein, luis perez, eray comert, javi sanchez, lucas rosa, stanko juric, ivan sanchez, selim amallah, raul moro, marcos andre, kike perez"
32,2024-08-31,Athletic,Atlético,"julen agirrezabala, yuri berchiche, yeray alvarez, dani vivian, iñigo lekue, beñat prados, ander herrera, nico williams, oihan sancet, iñaki williams, gorka guruzeta","juan musso, robin le normand, jose maria gimenez, reinildo mandava, marcos llorente, pablo barrios, koke, samuel lino, antoine griezmann, conor gallagher, julian alvarez"
33,2024-08-31,Espanyol,Rayo Vallecano,"joan garcia, brian olivan, marash kumbulla, fernando calero, omar el hilali, carlos romero, jose gragera, alex kral, jofre carreras, alejo veliz, javi puado","dani cardenas, andrei ratiu, florian lejeune, abdul mumin, alfonso espino, jorge de frutos, oscar valentin, unai lopez, alvaro garcia, adrian embarba, sergio camello"
34,2024-08-31,Leganés,Mallorca,"juan soriano, javier hernandez, sergio gonzalez, jorge saenz, adria altimira, darko brasanac, renato tapia, munir el haddadi, oscar rodriguez, dani raba, diego garcia","dominik greif, pablo maffeo, martin valjent, antonio raillo, toni lato, manu morlanes, samu costa, takuma asano, dani rodriguez, marc domenech, vedat muriqi"
35,2024-08-31,Valencia,Villarreal,"giorgi mamardashvili, jesus vazquez, cristhian mosquera, cesar tarrega, thierry correia, luis rioja, pepelu, hugo guillamon, diego lopez, hugo duro, andre almeida","diego conde, kiko femenia, raul albiol, logan costa, sergi cardona, yeremy pino, dani parejo, pape gueye, santi comesaña, thierno barry, ayoze perez"
36,2024-09-01,Alavés,Las Palmas,"antonio sivera, manu sanchez, alekansdar sedlar, abdel abqar, nahuel tenaglia, tomas conechny, antonoi blanco, jon guridi, carlos vicente, kike garcia, stoichkov","jasper cillessen, viti rozada, alex suarez, scott mckenna, mika marmol, jaime mata, javi muñoz, jose campaña, kirian rodriguez, manu fuster, oliver mcburnie"
37,2024-09-01,Osasuna,Celta,"sergio herrera, abel bretones, enzo boyomo, alejandro catena, jesus areso, lucas torro, bryan zaragoza, aimar oroz, jon moncayola, ruben garcia, ante budimir","ivan villar, javi rodriguez, jailson, carlos domingueza, oscar mingueza, fran beltran, ilaix moriba, hugo alvarez, iago aspas, borja iglesias, williot swedberg"
38,2024-09-01,Sevilla,Girona,"orjan nyland, valentin barco, marcao, loic bade, jose angel carmona, albert sambi lokonga, lucien agoume, chidera ejuke, juanlu sanchez, dodi lukebakio, isaac romero","paulo gazzaniga, alejandro frances, david lopez, daley blind, miguel gutierrez, ivan martin, oriol romeu, yangel herrera, viktor tsygankov, abel ruiz, bryan gil"
39,2024-09-01,Getafe,R. Sociedad,"david soria, diego rico, omar alderete, djene, juan iglesias, nabil aberdin, luis milla, alex sola, christantus uche, carles perez, bertug yildirim","alex remiro, hamari traore, igor zubeldia, jon pacheco, jon aramburu, takefusa kubo, martin zubimendi, beñat turrientes, sergio gomez, brais mendez, umar sadiq"
40,2024-09-01,Real Madrid,Real Betis,"thibaut courtois, ferland mendy, antonio rudiger, eder militao, daniel carvajal, dani ceballos, aurelien tchouameni, federico valverde, vinicius junior, kylian mbappe, rodrygo","rui silva, youssouf sabaly, diego llorente, natan, romain perraud, marc roca, william carvalho, rodri sanchez, pablo fornals, abde ezzalzouli, aitor ruibal"
41,2024-09-13,Real Betis,Leganés,"rui silva, romain perraud, natan, diego llorente, youssouf sabaly, william carvalho, marc roca, abde ezzalzouli, pablo fornals, chimy avila, assane diao","juan soriano, valentin rosier, jorge saenz, sergio gonzalez, javier hernandez, darko brasanac, yvan neyou, juan cruz, oscar rodriguez, enric franquesa, sebastien haller"
42,2024-09-14,Mallorca,Villarreal,"dominik greif, toni lato, antonio raillo, martin valjent, antonio sanchez, samu costa, manu morlanes, marc domenech, dani rodriguez, takuma asano, vedat muriqi","diego conde, kiko femenia, raul albiol, logan costa, sergi cardona, ilias akhomach, santi comesaña, dani parejo, alex baena, ayoze perez, thiero barry"
43,2024-09-14,Espanyol,Alavés,"joan garcia, carlos romero, leandro cabrera, marash kumbulla, omar el hilali, jofre carreras, alvaro aguado, alex kral, alvaro tejero, alejo veliz, javi puado","antonio sivera, nahuel tenaglia, abdel abqar, aleksandar sedlar, manu sanchez, jon gruridi, antonio blanco, carlos vicente, stoichkov, tomas conechny, kike garcia"
44,2024-09-14,Sevilla,Getafe,"orjan nyland, marcao, tanguy nianzou, jose angel carmona, adria pedrosa, djibril sow, nemanja gudelj, jesus navas, chidera ejuke, isaac romero, peque fernandez","david soria, juan iglesias, djene, juan berrocal, diego rico, carles perez, mauro arambarri, luis milla, alex sola, christantus uche, bertug yildirim"
45,2024-09-14,R. Sociedad,Real Madrid,"alex remiro, javi lopez, nayef aguerd, igor zubeldia, jon aramburu, sheraldo becker, sergio gomez, martin zubimendi, luka sucic, takefusa kubo, umar sadiq","thibaut courtois, daniel carvajal, eder militao, antonio rudiger, ferland mendy, federico valverde, luka modric, brahim diaz, arda guler, vinicius junior, kylian mbappe"
46,2024-09-15,Celta,Real Valladolid,"vicente guaita, jailson, carl starfelt, javi rodriguez, hugo alvarez, fran beltran, hugo sotelo, oscar mingueza, pablo duran, borja iglesias, iago aspas","karl hein, luis perez, eray comert, cenk ozkacar, lucas rosa, amath ndiaye, kike perez, mario martin, selim amallah, chuki, juanmi latasa"
47,2024-09-15,Girona,Barcelona,"paulo gazzaniga, miguel gutierez, daley blind, david lopez, alejandro frances, jon solis, ivan martin, arnaut danjuma, viktor tsygankov, bryan gil, abel ruiz","marc-andre ter stegen, jules kounde, pau cubarsi, iñigo martinez, alejandro balde, marc casado, pedri, lamine yamal, dani olmo, raphinha, robert lewandowski"
48,2024-09-15,Las Palmas,Athletic,"jasper cillessen, mika marmol, scott mckenna, alex suarez, marvin park, alberto moleiro, kirian rodriguez, jose campaña, javi muñoz, sandro ramirez, oliver mcburnie","julen agirrezabala, oscar de marcos, dani vivian, aitor paredes, yuri berchiche, mikel jauregizar, iñigo ruiz de galarreta, iñaki williams, oihan sancet, nico williams, gorka guruzeta"
49,2024-09-15,Atlético,Valencia,"jan oblak, samuel lino, cesar azpilicueta, jose maria gimenez, robin le normand, marcos llorente, conor gallagher, koke, rodrigo de paul, alexander sorloth, antoine griezmann","giorgi mamardashvili, dimitri foulquier, cesar tarrega, cristhian mosquera, thierry correia, diego lopez, hugo guillamon, pepelu, luis rioja, javi guerra, dani gomez"
50,2024-09-16,Rayo Vallecano,Osasuna,"augusto batalla, josep chavarria, abdul mumin, florian lejeune, andrei ratiu, gerard gumbau, oscar valentin, alvaro garcia, oscar trejo, adrian embarba, sergio camello","sergio herrera, jesus areso, alejandro catena, enzo boyomo, abel bretones, jon moncayola, lucas torro, aimar oroz, ruben garcia, raul garcia, bryan zaragoza"
51,2024-09-20,Alavés,Sevilla,"antonio sivera, manu sanchez, aleksandar sedlar, abdel abqar, nahuel tenaglia, ander guevara, joan jordan, carlos martin, stoichkov, carlos vicente, toni martinez","orjan nyland, jose angel carmona, tanguy nianzou, kike salas, adria pedrosa, djibril sow, lucien agoume, saul ñiguez, dodi lukebakio, isaac romero, peque fernandez"
52,2024-09-21,Real Valladolid,R. Sociedad,"karl hein, lucas rosa, cenk ozkacar, juma bah, luis perez, stanko juric, victor messeguer, raul moro, selim amallah, darwin machis, juanmi latasa","alex remiro, jon aramburu, igor zubeldia, nayef aguerd, sergio gomez, luka sucic, martin zubimendi, beñat turrientes, takefusa kubo, orri oskarsson, sheraldo becker"
53,2024-09-21,Osasuna,Las Palmas,"sergio herrera, abel bretones, enzo boyomo, alejandro catena, jesus areso, lucas torro, bryan zaragoza, aimar oroz, jon moncayola, ruben garcia, ante budimir","jasper cillessen, marvin park, juanma herzog, mika marmol, alex muñoz, sandro ramirez, javi muñoz, dario essugo, kirian rodriguez, alberto moleiro, fabio silva"
54,2024-09-21,Valencia,Girona,"giorgi mamardashvili, jesus vazquez, cristhian mosquera, cesar tarrega, thierry correia, pepelu, enzo barrenechea, luis rioja, javi guerra, diego lopez, dani gomez","paulo gazzaniga, alejandro frances, juanpe, ladislav krejci, daley blind, yaser asprilla, jon solis, oriol romeu, arnaut danjuma, bojan miovski, abel ruiz"
55,2024-09-21,Real Madrid,Espanyol,"thibaut courtois, fran garcia, eder militao, aurelien tchouameni, daniel carvajal, jude bellingham, federico valverde, luka modric, rodrygo, kylian mbappe, arda guler","joan garcia, alvaro tejero, omar el hilali, marash kumbulla, leandro cabrera, carlos romero, jofre carreras, pol lozano, alex kral, walid cheddira, javi puado"
56,2024-09-22,Getafe,Leganés,"david soria, diego rico, omar alderete, juan berrocal, djene, juan iglesias, luis milla, yellu santiago, mauro arambarri, christantus uche, bergut yildirim","marko dmitrovic, jorge saenz, sergio goncalez, matija nastasic, valentin rosier, seydouba cisse, renato tapia, juan cruz, oscar rodriguez, munir el haddadi, miguel de la fuente"
57,2024-09-22,Athletic,Celta,"julen agirrezabala, adama boiro, aitor paredes, dani vivian, oscar de marcos, beñat prados, mikel jauregizar, alex berenguer, oihan sancet, iñaki williams, gorka guruzeta","vicente guaita, javi rodriguez, carl starfelt, jailson, hugo alvarez, hugo sotelo, damian rodriguez, oscar mingueza, iago aspas, anastasios douvikas, jonathan bamba"
58,2024-09-22,Villarreal,Barcelona,"diego conde, sergi cardona, logan costa, eric bailly, kiko femenia, alex baena, dani parejo, santi comesaña, yeremy pino, ayoze perez, nicolas pepe","marc-andre ter stegen, jules kounde, sergi dominguez, iñigo martinez, gerard martin, pablo torre, eric garcia, pedri, lamine yamal, robert lewandowski, raphinha"
59,2024-09-22,Rayo Vallecano,Atlético,"augusto batalla, josep chavarria, abdul mumin, florian lejeune, andrei ratiu, unai lopez, pathe ciss, adrian embarba, isi palazon, jorge de frutos, randy nteka","jan oblak, nahuel molina, cesar azpilicueta, axel witsel, reinildo mandava, samuel lino, marcos llorente, koke, conor gallagher, alexander sorloth, julian alvarez"
60,2024-09-23,Real Betis,Mallorca,"rui silva, ricardo rodriguez, natan, diego llorente, hector bellerin, marc roca, sergi altimira, abde ezzalzouli, giovanni lo celso, chimy avila, vitor roque","dominik greif,antonio sanchez, martin valjent, antonio raillo, johan mojica, omar mascarell, samu costa, robert navarro, dani rodriguez, sergi darder, cyle larin"
61,2024-09-17,Mallorca,R. Sociedad,"leo roman, johan mojica, jose copete, antonio raillo, antonio sanchez, omar mascarell, samu costa, sergi darder, abdon prats, robert navarro, cyle larin","alex remiro, aritz elustondo, igor zubeldia, nayef aguerd, aihen muñoz, martin zubimendi, sergio gomez, beñat turrientes, luka sucic, ander barrenetxea, mikel oyarzabal"
62,2024-09-19,Leganés,Athletic,"juan soriano, enric franquesa, matija nastasic, sergio gonzalez, jorge saenz, valentin rosier, roberto lopez, seydouba cisse, darko brasanac, sebastien haller, miguel de la fuente","julen agirrezabala, andoni gorosabel, dani vivian, unai nuñez, yuri berchiche, iñigo ruiz de galarreta, mikel vesga, nico williams, unai gomez, alex berenguer, alvaro djalo"
63,2024-09-24,Sevilla,Real Valladolid,"orjan nyland, valentin barco, marcao, loic bade, jose angel carmona, saul ñiguez, nemanja gudelj, dodi lukebakio, peque fernandez, jesus navas, kelechi iheanacho","karl hein, luis perez, eray comert, david torres, lucas rosa, mario martin, stanko juric, kike perez, darwin machis, marcos andre, amath ndiaye"
64,2024-09-24,Valencia,Osasuna,"giorgi mamardashvili, jesus vazquez, cristhian mosquera, cesar tarrega, thierry correia, luis rioja, pepelu, enzo barrenechea, diego lopez, dani gomez, andre almeida","sergio herrera, jesus areso, enzo boyomo, jorge herrando, abel bretones, jon moncayola, lucas torro, aimar oroz, ruben peña, raul garcia, moi gomez"
65,2024-09-24,Real Madrid,Alavés,"thibaut courtois, ferland mendy, eder militao, antonio rudiger, lucas vazquez, jude bellingham, aurelien tchouameni, federico valverde, vinicius juinior, kylian mbappe, rodrygo","antonio sivera, santiago mouriño, abdel abqar, moussa diarra, manu sanchez, hugo novoa, carlos protesoni, antonio blanco, tomas conechny, luka romero, asier villalibre"
66,2024-09-25,Girona,Rayo Vallecano,"paulo gazzaniga, miguel gutierrez, daley blind, david lopez, arnau martinez, bryan gil, yangel herrera, ivan martin, viktor tsygankov, abel ruiz, yaser asprilla","augusto batalla, ivan balliu, florian lejeune, abdul mumin, josep chavarria, andrei ratiu, pedro diaz, oscar valentin, adrian embarba, isi palazon, sergio camello"
67,2024-09-25,Barcelona,Getafe,"iñaki peña, alejandro balde, iñigo martinez, pau cubarsi, jules kounde, marc casado, eric garcia, raphinha, pablo torre, lamine yamal, robert lewandowski","david soria, djene, juan berrocal, omar alderete, juan iglesias, luis milla, carles perez, carles aleña, yellu santiago, alex sola, christantus uche"
68,2024-09-26,Espanyol,Villarreal,"joan garcia, brian olivan, leandro cabrera, marash kumbulla, omar el hilali, jofre carreras, pol lozano, alex kral, alvaro tejero, alejo veliz, javi puado","diego conde, kiko femenia, raul albiol, logan costa, sergi cardona, ilias akhomach, santi comesaña, pape gueye, alex baena, ayoze perez, thierno barry"
69,2024-09-26,Las Palmas,Real Betis,"jasper cillessen, daley sinkgraven, alex muñoz, juanma herzog, viti rozada, dario essugo, kirian rodriguez, enzo loiodice, sandro ramirez, alberto moleiro, fabio silva","rui silva, aitor ruibal, diego llorente, natan, romain perraud, johnny cardoso, marc roca, pablo fornals, giovanni lo celso, abde ezzalzouli, assane diao"
70,2024-09-26,Celta,Atlético,"vicente guaita, marcos alonso, carl starfelt, javier manquillo, hugo alvarez, hugo sotelo, fran beltran, sergio carreira, williot swedberg, borja iglesias, iago aspas","jan oblak, nahuel molina, robin le normand, jose maria gimenez, reinildo mandava, marcos llorente, koke, conor gallagher, giuliano simeone, antoine griezmann, alexander sorloth"
71,2024-09-27,Real Valladolid,Mallorca,"karl hein, lucas rosa, david torres, juma bah, luis perez, kike perez, eray comert, mario martin, darwin machis, juanmi latasa, raul moro","leo roman, pablo maffeo, antonio raillo, jose copete, johan mojica, robert navarro, manu morlanes, samu costa, sergi darder, dani rodriguez, cyle larin"
72,2024-09-28,Getafe,Alavés,"david soria, diego rico, omar alderete, juan berrocal, djene, alex sola, luis milla, mauro arambarri, carles perez, bergut yildirim, christantus uche","antonio sivera, nahuel tenaglia, abdel abqar, aleksandar sedlar, moussa diarra, joan jordan, carlos protesoni, carlos vicente, stoichkov, carlos martin, toni martinez"
73,2024-09-28,Rayo Vallecano,Leganés,"augusto batalla, ivan balliu, abdul mumin, florian lejeune, andrei ratiu, pathe ciss, unai lopez, alvaro garcia, james rodriguez, jorge de frutos, sergio camello","marko dmitrovic, valentin rosier, sergio gonzalez, matija nastasic, javier hernandez, seydouba cisse, renato tapia, juan cruz, robert lopez, adria altimira, sebastien haller"
74,2024-09-28,R. Sociedad,Valencia,"alex remiro, javi lopez, nayef aguerd, igor zubeldia, jon aramburu, martin zubimendi, ander barrenetxea, sergio gomez, luka sucic, takefusa kubo, mikel oyarzabal","giorgi mamardashvili, dimitri foulquier, cesar tarrega, cristhian mosquera, jesus vazquez, diego lopez, hugo guillamon, pepelu, luis rioja, javi guerra, hugo duro"
75,2024-09-28,Osasuna,Barcelona,"sergio herrera, juan cruz, enzo boyomo, alejandro catena, jesus areso, aimar oroz, lucas torro, pablo ibañez, bryan zaragoza, ante budimir, ruben garcia","iñaki peña, jules kounde, sergi dominguez, pau cubarsi, gerard martin, pablo torre, eric garcia, pedri, ferran torres, robert lewandowski, pau victor"
76,2024-09-29,Celta,Girona,"vicente guaita, marcos alonso, carlos dominguez, javi rodriguez, oscar mingueza, damian rodriguez, ilaix moriba, sergio carreira, alfon gonzalez, pablo duran, borja iglesias","paulo gazzaniga, alejandro frances, daley blind, ladislav krejci, miguel gutierrez, ivan martin, oriol romeu, viktor tsygankov, yangel herrera, arnaut danjuma, abel ruiz"
77,2024-09-29,Athletic,Sevilla,"julen agirrezabala, iñigo lekue, aitor paredes, unai nuñez, oscar de marcos, mikel vesga, mikel jauregizar, alex berenguer, unai gomez, nico williams, iñaki williams","orjan nyland, jose angel carmona, loic bade, tanguy nianzou, valentin barco, lucien agoume, nemanja gudelj, dodi lukebakio, peque fernandez, chidera ejuke, kelechi iheanacho"
78,2024-09-29,Real Betis,Espanyol,"rui silva, ricardo rodriguez, natan, diego llorente, hector bellerin, marc roca, sergi altimira, abde ezzalzouli, giovanni lo celso, iker losada, cedric bakambu","joan garcia, omar el hilali, sergi gomez, marash kumbulla, carlos romero, jofre carreras, jose gragera, pol lozano, javi puado, alex kral, walid cheddira"
79,2024-09-29,Atlético,Real Madrid,"jan oblak, reinildo mandava, jose maria gimenez, robin le normand, nahuel molina, julian alvarez, conor gallagher, marcos llorente, rodrigo de paul, alexander sorloth, antoine griezmann","thibaut courtois, daniel carvajal, antonio rudiger, eder militao, ferland mendy, federico valverde, luka modric, aurelien tchouameni, jude bellingham, rodrygo, vinicius junior"
80,2024-09-30,Villarreal,Las Palmas,"diego conde, sergi cardona, logan costa, eric bailly, kiko femenia, denis suarez, pape gueye, dani parejo, ilias akhomach, thierno barry, nicolas pepe","dinko horkas, alex suarez, juanma herzog, alex muñoz, benito ramirez, adnan januzaj, dario essugo, kirian rodriguez, alberto moleiro, oliver mcburnie, fabio silva"
81,2024-10-04,Leganés,Valencia,"marko dmitrovic, javier hernandez, sergio gonzalez, jorge saenz, valentin rosier, seydouba cisse, yvan neyou, adria altimira, roberto lopez, juan cruz, sebastien haller","giorgi mamardashvili, dimitri foulquier, cesar tarrega, cristhian mosquera, yarek gasiorowski, thierry correia, sergi canos, pepelu, andre almeida, luis rioja, hugo duro"
82,2024-10-05,Espanyol,Mallorca,"joan garcia, carlos romero, marash kumbulla, sergi gomez, omar el hilali, pol lozano, jose gragera, irvin cardona, alex kral, jofre carreras, alejo veliz","dominik greif, pablo maffeo, antonio raillo, jose copete, johan mojica, robert navarro, omar mascarell, samu costa, sergi darder, dani rodriguez, cyle larin"
83,2024-10-05,Getafe,Osasuna,"david soria, diego rico, omar alderete, juan berrocal, djene, alex sola, luis milla, mauro arambarri, carles perez, christantus uche, bertug yildirim","sergio herrera, jesus areso, alejandro catena, enzo boyomo, abel bretones, pablo ibañez, lucas torro, aimar oroz, ruben garcia, ante budimir, bryan zaragoza"
84,2024-10-05,Las Palmas,Celta,"dinko horkas, alex muñoz, juanma herzog, alex suarez, viti rozada, dario essugo, javi muñoz, alberto moleiro, fabio silva, adnan januzag, oliver mcburnie","vicente guaita, javier manquillo, carl starfelt, marcos alonso, oscar mingueza, fran beltran, ilaix moriba, hugo alvarez, iago aspas, borja iglesias, williot swedberg"
85,2024-10-05,Real Valladolid,Rayo Vallecano,"karl hein, lucas rosa, david torres, juma bah, luis perez, selim amallah, eray comert, mario martin, darwin machis, juanmi latasa, amath ndiaye","augusto batalla, andrei ratiu, florian lejeune, abdul mumin, ivan balliu, jorge de frutos, oscar valentin, unai lopez, adrian embarba, isi palazon, sergio camello"
86,2024-10-05,Real Madrid,Villarreal,"andriy lunin, ferland mendy, antonio rudiger, aurelien tchouameni, daniel carvajal, jude bellingham, eduardo camavinga, federico valverde, luka modric, vinicius junior, kylian mbappe","diego conde, kiko femenia, raul albiol, logan costa, sergi cardona, santi comesaña, dani parejo, pape gueye, nicolas pepe, thierno barry, alex baena"
87,2024-10-06,Girona,Athletic,"paulo gazzaniga, miguel gutierrez, ladislav krejci, david lopez, arnau martinez, yangel herrera, ivan martin, arnaut danjuma, donny van de beek, yaser asprilla, abel ruiz","alex padilla, oscar de marcos, dani vivian, aitor paredes, adama boiro, oihan sancet, iñigo ruiz de galarreta, ander herrera, iñaki williams, gorka guruzeta, alex berenguer"
88,2024-10-06,Alavés,Barcelona,"antonio sivera, manu sanchez, santiago mouriño, abdel abqar, nahuel tenaglia, antonio blanco, ander guevara, abde rebbach, stoichkov, carlos vicente, toni martinez","iñaki peña, hector fort, pau cubarsi, iñigo martinez, alejandro balde, marc casado, pedri, lamine yamal, raphinha, ferran torres, robert lewandowski"
89,2024-10-06,Sevilla,Real Betis,"orjan nyland, adria pedrosa, tanguy nianzou, loic bade, jose angel carmona, nemanja gudelj, lucien agoume, chidera ejuke, peque fernandez, dodi lukebakio, isaac romero","rui silva, hector bellerin, diego llorente, natan, ricardo rodriguez, johnny cardoso, marc roca, pablo fornals, giovanni lo celso, abde ezzalzouli, vitor roque"
90,2024-10-06,R. Sociedad,Atlético,"alex remiro, javi lopez, nayef aguerd, igor zubeldia, jon aramburu, martin zubimendi, sheraldo becker, sergio gomez, luka sucic, takefusa kubo, mikel oyarzabal","jan oblak, nahuel molina, axel witsel, jose maria gimenez, clement lenglet, javi galan, pablo barrios, koke, conor gallagher, antoine griezmann, julian alvarez"
91,2024-10-18,Alavés,Real Valladolid,"antonio sivera, manu sanchez, moussa diarra, abdel abqar, nahuel tenaglia, ander guevara, antonio blanco, tomas conechny, jon guridi, carlos vicente, toni martinez","karl hein, luis perez, javi sanchez, david torres, raul chasco, raul moro, eray comert, mario martin, anuar, selim amallah, mamadou sylla"
92,2024-10-19,Athletic,Espanyol,"julen agirrezabala, yuri berchiche, unai nuñez, dani vivian, oscar de marcos, mikel jauregizar, iñigo ruiz de galarreta, nico williams, alex berenguer, iñaki williams, gorka guruzeta","joan garcia, omar el hilali, sergi gomez, marash kumbulla, brian olivan, jose gragera, pol lozano, jofre carreras, alex kral, carlos romero, alejo veliz"
93,2024-10-19,Osasuna,Real Betis,"sergio herrera, abel bretones, enzo boyomo, alejandro catena, jesus areso, aimar oroz, lucas torro, pablo ibañez, bryan zaragoza, ante budimir, ruben garcia","rui silva, hector bellerin, marc bartra, diego llorente, romain perraud, aitor ruibal, johnny cardoso, sergi altimira, pablo fornals, cedric bakambu, vitor roque"
94,2024-10-19,Girona,R. Sociedad,"paulo gazzaniga, ladislav krejci, david lopez, alejandro frances, ivan martin, miguel gutierrez, yangel herrera, dony van de beek, arnau martinez, arnaut danjuma, bojan miovski","alex remiro, jon aramburu, igor zubeldia, nayef aguerd, sergio gomez, martin zubimendi, mikel oyarzabal, luka sucic, brais mendez, ander barrenetxea, orri oskarsson"
95,2024-10-19,Celta,Real Madrid,"vicente guaita, marcos alonso, carl stargelt, javier manquillo, hugo alvarez, hugo sotelo, fran beltran, oscar mingueza, williot swedberg, borja iglesias, jonathan bamba","thibaut courtois, eder militao, aurelien tchouameni, antonio rudiger, lucas vazquez, federico valverde, eduardo camavinga, fran garcia, jude bellingham, vinicius junior, kylian mbape"
96,2024-10-20,Mallorca,Rayo Vallecano,"domink greif, johan mojica, antonio raillo, martin valjent, pablo maffeo, sergi darder, samu costa, manu morlanes, robert navarro, cyle larin, vedat muriqi","augusto batalla, andrei ratiu, florian lejeune, abdul mumin, ivan balliu, jorge de frutos, unai lopez, gerard gumbau, alvaro garcia, sergio camello, isi palazon"
97,2024-10-20,Atlético,Leganés,"jan oblak, javi galan, clement lenglet, axel witsel, nahuel molina, rodrigo riquelme, koke, pablo barrios, antoine griezmann, angel correa, alexander sorloth","marko dmitrovic, valentin rosier, sergio gonzalez, matija nastasic, javier hernandez, juan cruz, yvan neyou, renato tapia, seydouba cisse, dani raba, miguel de la fuente"
98,2024-10-20,Villarreal,Getafe,"diego conde, sergi cardona, eric bailly, raul albiol, kiko femenia, dani parejo, santi comesaña, alex baena, pape gueye, ilias akhomach, thierno barry","david soria, uan iglesias, djene, omar alderete, diego rico, carles perez, mauro arambarri, luis milla, alex sola, bertug yildirim, christantus uche"
99,2024-10-20,Barcelona,Sevilla,"iñaki peña, alejandro balde, iñigo martinez, pau cubarsi, jules kounde, pedri, marc casado, ansu fati, raphinha, lamine yamal, robert lewandowski","orjan nyland, jose angel carmona, loic bade, marcao, adria pedrosa, lucien agoume, nemanja gudelj, dodi lukebakio, peque fernandez, chidera ejuke, isaac romero"
100,2024-10-21,Valencia,Las Palmas,"giorgi mamardashvili, rorigo abajas, cristhian mosquera, cesar tarrega, thierry correia, luis rioja, pepelu, enzo barrenechea, sergi canos, hugo duro, dani gomez","jasper cillessen, viti rozada, alex suarez, scott mckenna, alex muñoz, dario essugo, jose campaña, adnan januzaj, kirian rodriguez, alberto moleiro, fabio silva"
101,2024-10-25,Espanyol,Sevilla,"joan garcia, brian olivan, leandro cabrera, marash kumbulla, omar el hilali, jofre carreras, pol lozano, alex kral, alvaro tejero, walid cheddira, javi puado","orjan nyland, jose angel carmona, loic bade, tanguy nianzou, adria pedrosa, nemanja gudelj, albert sambi lokonga, dodi lukebakio, juanlu sanchez, stanis idumbo, isaac romero"
102,2024-10-26,Real Valladolid,Villarreal,"karl hein, lucas rosa, david torres, javi sanchez, luis perez, eray comert, mario martin, raul moro, selim amallah, anuar, mamadou sylla","diego conde, kiko femenia, raul albiol, logan costa, sergi cardona, ilias akhomach, santi comesaña, dani parejo, alex baena, nicolas pepe, thierno barry"
103,2024-10-26,Rayo Vallecano,Alavés,"augusto batalla, josep chavarria, abdul mumin, florian lejeune, andrei ratiu, alvaro garcia, unai lopez, oscar valentin, jorge de frutos, sergio camello, isi palazon","antonio sivera, santiago mouriño, nahuel tenaglia, adrian pica, moussa diarra, manu sanchez, carlos vicente, jon guridi, ander guevara, carlos martin, toni martinez"
104,2024-10-26,Las Palmas,Girona,"jasper cillessen, alex muñoz, scott mckenna, alex suarez, viti rozada, jose campaña, dario essugo, alberto moleiro, kirian rodriguez, manu fuster, fabio silva","paulo gazzaniga, alejandro frances, david lopez, lucas krejci, miguel gutierrez, arnau martinez, dony van de beek, selvi clua, arnaut danjuma, gabriel misehouy, bojan miovski"
105,2024-10-26,Real Madrid,Barcelona,"andriy lunin, ferland mendy, antonio rudiger, eder militao, lucas vazquez, eduardo camavinga, aurelien tchouameni, federico valverde, jude bellingham, vinicius junior, kylian mbappe","iñaki peña, jules kounde, pau cubarsi, iñigo martinez, alejandro balde, marc casado, pedri, lamine yamal, fermin lopez, raphinha, robert lewandowski"
106,2024-10-27,Leganés,Celta,"marko dmitrovic, renato tapia, matija nastasic, jorge saenz, enric franquesa, yvan neyou, seydouba cisse, adria altimira, diego garcia, dani raba, sebastien haller","vicente guaita, javier manquillo, carl starfelt, marcos alonso, oscar mingueza, hugo sotelo, ilaix moriba, hugo alvarez, iago aspas, borja iglesias, jonathan bamba"
107,2024-10-27,Getafe,Valencia,"david soria, diego rico, omar alderete, djene, juan iglesias, alex sola, luis milla, mauro arambarri, carles perez, bertug yildirim, alvaro rodriguez","giorgi mamardashvili, thierry correia, cesar tarrega, cristhian mosquera, maximiliano caufriez, jose luis gaya, diego lopez, enzo barrenechea, javi guerra, luis rioja, hugo duro"
108,2024-10-27,Real Betis,Atlético,"rui silva, romain perraud, diego llorente, marc bartra, aitor ruibal, abde ezzalzouli, sergi altimira, johnny cardoso, pablo fornals, chimy avila, vitor roque","jan oblak, nahuel molina, axel witsel, jose maria gimenez, reinildo mandava, rodrigo de paul, koke, conor gallagher, samuel lino, antoine griezmann, julian alvarez"
109,2024-10-27,R. Sociedad,Osasuna,"alex remiro, sergio gomez, nayef aguerd, igor zubeldia, jon aramburu, martin zubimendi, ander barrenetxea, luka sucic, brais mendez, mikel oyarzabal, orri oskarsson","sergio herrera, jesus areso, alejandor catena, enzo boyomo, juan cruz, jon moncayola, lucas torro, aimar oroz, ruben peña, ante budimir, bryan zaragoza"
110,2024-10-28,Mallorca,Athletic,"dominik greif, johan mojica, antono raillo, martin valjent, pablo maffeo, sergi darder, samu costa, manu morlanes, robert navarro, cyle larin, vedat muriqi","julen agirrezabala, andoni gorosabel, yeray alvarez, aitor paredes, yuri berchiche, iñigo ruiz de galarreta, mikel jauregizar, iñaki williams, oihan sancet, nico williams, gorka guruzeta"
111,2024-11-01,Alavés,Mallorca,"antonio sivera, manu sanchez, adrian pica, abdel abqar, nahuel tenaglia, carlos protesoni, antonio blanco, abde rebbach, jon guridi, carlos vicente, kike garcia","leo roman, pablo maffeo, antonio raillo, jose copete, toni lato,omar mascarell, manu morlanes, robert navarro, dani rodriguez, chiquinho, cyle larin"
112,2024-11-02,Osasuna,Real Valladolid,"sergio herrera, juan cruz, enzo boyomo, alejandro catena, jesus areso, aimar oroz, lucas torro, jon moncayola, bryan zaragoza, ante budimir, ruben peña","karl hein, luis perez, javi sanchez, david torres, lucas rosa, mario martin, eray comert, sanuar, selim amallah, raul moro, mamadou sylla"
113,2024-11-02,Girona,Leganés,"paulo gazzaniga, daley blind, david lopez, juanpe, miguel gutierrez, selvi clua, yangel herrera, arnau martinez, dony van de beek, bryan gil, bojan miovski","marko dmitrovic, adria altimira, sergio gonzalez, matija nastasic, enric franquesa, seydouba cisse, yvan neyou, renato tapia, darko brasanac, juan cruz, miguel de la fuente"
114,2024-11-03,Atlético,Las Palmas,"jan oblak, javi galan, clement lenglet, jose maria gimenez, nahuel molina, samuel lino, pablo barrios, koke, giuliano simeone, julian alvarez, antoine griezmann","jasper cillessen, viti rozada, alex suarez, scott mckenna, alex muñoz, kirian rodriguez, dario essugo, jose campaña, sandro ramirez, fabio silva, alberto moleiro"
115,2024-11-03,Barcelona,Espanyol,"iñaki peña, alejandro balde, iñigo martinez, pau cubarsi, hector fort, pedri, marc casado, raphinha, dani olmo, lamine yamal, robert lewandowski","joan garcia, omar el hilali, marash kumbulla, leandro cabrera, carlos romero, rafael bauza, alvaro tejero, alex kral, alvaro aguado, jofre carreras, javi puado"
116,2024-11-03,Sevilla,R. Sociedad,"alvaro fernandez, adria pedrosa, kike salas, marcao, jose angel carmona, albert sambi lokonga, nemanja gudelj, stanis idumbo, juanlu sanchez, dodi lukebakio, isaac romero","alex remiro, jon aramburu, igor zubeldia, nayef aguerd, javi lopez, martin zubimendi, takefusa kubo, brais mendez, luka sucic, sergio gomez, mikel oyarzabal"
117,2024-11-03,Athletic,Real Betis,"julen agirrezabala, yuri berchiche, aitor paredes, dani vivian, oscar de marcos, beñat prados, iñigo ruiz de galarreta, nico williams, oihan sancet, iñaki williams, alvaro djalo","rui silva, hector bellerin, marc bartra, diego llorente, romain perraud, pablo fornals, sergi altimira, johnny cardoso, abde ezzalzouli, vitor roque, chimy avila"
118,2024-11-04,Celta,Getafe,"vicente guaita, marcos alonso, carl starfelt, javier manquillo, mihailo ristic, fran beltran, hugo sotelo, oscar mingueza, jonathan bamba, anastasios douvikas, iago aspas","david soria, allan nyom, djene, omar alderete, diego rico, nabil aberdin, luis milla, carles perez, mauro arambarri, alex sola, christantus uche"
119,2024-12-18,Villarreal,Rayo Vallecano,"luiz junior, sergi cardona, logan costa, willy kambwala, pau navarro, denis suarez, santi comesaña, pape gueye, yeremy pino, ayoze perez, thierno barry","augusto batalla, ivan balliu, florian lejeune, abdul mumin, alfonso espino, oscar valentin, pedro diaz, jorge de frutos, oscar trejo, alvaro garcia, sergio camello"
120,2025-01-03,Valencia,Real Madrid,"stole dimitrievski, yarek gasiorowski, cristhian mosquera, cesar tarrega, dimitri foulquier, luis rioja, enzo barrenechea, javi guerra, diego lopez, hugo duro, andre almeida","thibaut courtois, lucas vazquez, aurelien tchouameni, antonio rudiger, ferland mendy, dani ceballos, federico valverde, rodrygo, jude bellingham, vinicius junior, kylian mbappe"
121,2024-11-08,Rayo Vallecano,Las Palmas,"augusto batalla, josep chavarria, florian lejeune, aridane hernandez, andrei ratiu, alvaro garcia, gerard gumbau, oscar valentin, jorge de frutos, sergio camello, isi palazon","jasper cillessen, viti rozada, alex suarez, scott mckenna, alex muñoz, javi muñoz, kirian rodriguez, dario essugo, sandro ramirez, fabio silva, alberto moleiro"
122,2024-11-09,Real Madrid,Osasuna,"andriy lunin, fran garcia, antonio rudiger, eder militao, lucas vazquez, jude bellingham, eduardo camavinga, federico valverde, vinicius junior, kylian mbappe, rodrygo","sergio herrera, jesus areso, alejandro catena, enzo boyomo, abel bretones, jon moncayola, lucas torro, aimar oroz, ruben peña, ante budimir, bryan zaragoza"
123,2024-11-09,Villarreal,Alavés,"diego conde, sergi cardona, logan costa, raul albiol, kiko femenia, alex baena, dani parejo, pape gueye, ilias akhomach, ayoze perez, nicolas pepe","antonio sivera, nahuel tenaglia, abdel abqar, adrian pica, manu sanchez, ander guevara, antonio blanco, carlos vicente, jon guridi, abde rebbach, kike garcia"
124,2024-11-09,Leganés,Sevilla,"marko dmitrovic, enric franquesa, matija nastasic, sergio gonzalez, adria altimira, seydouba cisse, renato tapia, munir el haddadi, darko brasanac, juan cruz, miguel de la fuente","alvaro fernandez, jose angel carmona, nemanja gudelj, kike salas, adria perdosa, djibril sow, lucien agoume, albert sambi lokonga, dodi lukebakio, isaac romero, kelechi iheanacho"
125,2024-11-10,Real Betis,Celta,"rui silva, romain perraud, natan, diego llorente, youssouf sabaly, abde ezzalzouli, johnny cardoso, sergi altimira, pablo fornals, iker losada, vitor roque","vicente guaita, javi rodriguez, carl starfelt, marcos alonso, oscar mingueza, hugo sotelo, fran beltran, mihailo ristic, jonathan bamba, iago aspas, borja iglesias"
126,2024-11-10,Mallorca,Atlético,"dominik greif, johan mojica, antonio raillo, martin valjent, pablo maffeo, sergi darder, samu costa, manu morlanes, robert navarro, vedat muriqi, cyle larin","jan oblak, nahuel molina, jose maria gimenez, clement lenglet, reinildo mandava, giuliano simeone, pablo barrios, koke, rodrigo riquelme, antoine griezmann, julian alvarez"
127,2024-11-10,Getafe,Girona,"david soria, diego rico, omar alderte, domingos duarte, juan iglesias, mauro arambarri, yellu santiago, carles perez, luis milla, allan nyom, christantus uche","paulo gazzaniga, arnau martinez, juanpe, david lopez, daley blind, yangel herrera, oriol romeu, bryan gil, donny van de beek, miguel gutierrez, bojan miovski"
128,2024-11-10,Real Valladolid,Athletic,"karl hein, lucas rosa, david torres, javi sanchez, juma bah, luis perez, anuar, kike perez, stanko juric, raul moro, mamadou sylla","julen agirrezabala, oscar de marcos, yeray alvarez, aitor paredes, adama boiro, mikel jauregizar, beñat prados, nico serrano, unai gomez, nico williams, alex berenguer"
129,2024-11-10,R. Sociedad,Barcelona,"alex remiro, aihen muñoz, nayef aguerd, igor zubeldia, jon aramburu, martin zubimendi, sheraldo becker, luka sucic, brais mendez, takefusa kubo, mikel oyarzabal","iñaki peña, jules kounde, pau cubarsi, iñigo martinez, alejandro balde, marc casado, frenkie de jong, fermin lopez, pedri, raphinha, robert lewandowski"
130,2024-12-18,Espanyol,Valencia,"joan garcia, brian olivan, leandro cabrera, marash kumbulla, omar el hilali, jofre carreras, alex kral, justin smith, antoniu roca, javi puado, walid cheddira","stole dimitrievski, dimitri foulquier, cesar tarrega, cristhian mosquera, luis rioja, enzo barrenechea, pepelu, fran perez, andre almeida, diego lopez, dani gomez"
131,2024-11-22,Getafe,Real Valladolid,"david soria, diego rico, omar alderete, djene, allan nyom, carles perez, luis milla, mauro arambarri, alex sola, christantus uche, bertug yildirim","karl hein, luis perez, juma bah, javi sanchez, cenk ozkacar, lucas rosa, raul moro, stanko juric, kike perez, anuar, mamadou sylla"
132,2024-11-23,Valencia,Real Betis,"giorgi mamardashvili, jose luis gaya, yarek gasiorowski, cristhian mosquera, cesar tarrega, dimitri foulquier, diego lopez, javi guerra, enzo barrenechea, luis rioja, hugo duro","rui silva, youssouf sabaly, marc bartra, natan, romain perraud, sergi altimira, carlos guirao, aitor ruibal, iker losada, abde ezzalzouli, vitor roque"
133,2024-11-23,Atlético,Alavés,"jan oblak, javi galan, clement lenglet, axel witsel, cesar azpilicueta, samuel lino, koke, pablo barrios, marcos llorente, antoine griezmann, angel correa","antonio sivera, nahuel tenaglia, abdel abqar, santiago mouriño, manu sanchez, ander guevara, antonio blanco, carlos vicente, jon guridi, carlos martin, kike garcia"
134,2024-11-23,Girona,Espanyol,"paulo gazzaniga, daley blind, ladislav krejci, david lopez, arnau martinez, miguel gutierrez, oriol romeu, bryan gil, donny van de beek, yaser asprilla, bojan miovski","joan garcia, alvaro tejero, omar el hilali, sergi gomez, leandro cabrera, carlos romero, jofre carreras, rafael bauza, alex kral, javi puado, alejo veliz"
135,2024-11-23,Las Palmas,Mallorca,"jasper cillessen, alex muñoz, scott mckenna, alex suarez, viti rozada, jose campaña, dario essugo, manu fuster, kirian rodriguez, sandro ramirez, fabio silva","dominik greif, mateu morey, martin valjent, antonio raillo, johan mojica, robert navarro, manu morlanes, samu costa, sergi darder, dani rodriguez, vedat muriqi"
136,2024-11-23,Celta,Barcelona,"vicente guaita, oscar mingueza, marcos alonso, carlt starfelt, javi rodriguez, jonathan bamba, ilaix moriba, fran beltran, hugo alvarez, anastasios douvikas, iago aspas","iñaki peña, jules kounde, pau cubarsi, iñigo martinez, gerard martin, pedri, marc casado, raphinha, gavi, dani olmo, robert lewandowski"
137,2024-11-24,Osasuna,Villarreal,"sergio herrera, juan cruz, enzo boyomo, alejandro catena, jesus areso, aimar oroz, lucas torro, jon moncayola, bryan zaragoza, ante budimir, ruben garcia","diego conde, pau navarro, raul albiol, logan costa, sergi cardona, yeremy pino, dani parejo, santi comesaña, alex baena, thierno barry, ramon terrats"
138,2024-11-24,Sevilla,Rayo Vallecano,"alvaro fernandez, adria pedrosa, kike salas, loic bade, jose angel carmona, albert sambi lokonga, nemanja gudelj, peque fernandez, djibril sow, dodi lukebakio, isaac romero","augusto batalla, andrei ratiu, florian lejeune, abdul mumin, josep chavarria, gerard gumbau, oscar valentin, unai lopez, jorge de frutos, randy nteka, alvaro garcia"
139,2024-11-24,Leganés,Real Madrid,"marko dmitrovic, javier hernandez, matija nastasic, sergio gonzalez, juan cruz, yvan neyou, renato tapia, adria altimira, munir el haddadi, darko brasanac, miguel de la fuente","thibaut courtois, federico valverde, raul asencio, antonio rudiger, fran garcia, arda guler, eduardo camavinga, dani ceballos, jude bellingham, vinicius junior, kylian mbappe"
140,2024-11-24,Athletic,R. Sociedad,"julen agirrezabala, yuri berchiche, yeray alvarez, dani vivian, oscar de marcos, beñat prados, iñigo ruiz de galarreta, nico williams, oihan sancet, iñaki williams, alvaro djalo","alex remiro, jon aramburu, igor zubeldia, nayef aguerd, javi lopez, martin zubimendi, takefusa kubo, sergio gomez, luka sucic, ander barrenetxea, mikel oyarzabal"
141,2024-11-29,Mallorca,Valencia,"dominik greif, johan mojica, antonio raillo, martin valjent, mate morey, samu costa, manu morlanes, sergi darder, dani rodriguez, robert navarro, cyle larin","giorgi mamardashvili, dimitri foulquier, cesar tarrega, cristhian mosquera, yarek gasiorowski, jose luis gaya, luis rioja, enzo barrenechea, javi guerra, diego lopez, hugo duro"
142,2024-11-30,Barcelona,Las Palmas,"iñaki peña, alejandro balde, iñigo martinez, pau cubarsi, jules kounde, pedri, gavi, pablo torre, fermin lopez, raphinha, robert lewandowski","jasper cillessen, viti rozada, alex suarez, scott mckenna, mika marmol, kirian rodriguez, jose campaña, sandro ramirez, javi muñoz, alberto moleiro, fabio silva"
143,2024-11-30,Alavés,Leganés,"antonio sivera, moussa diarra, santiago mouriño, abdel abqar, nahuel tangalia, jon guridi, antonio blanco, ander guevara, carlos martin, kike garcia, carlos vicente","marko dmitrovic, valentin rosier, sergio gonzalez, matija nastasic, javier hernandez, renato tapia, yvan neyou, dani raba, oscar rodriguez, juan cruz, diego garcia"
144,2024-11-30,Espanyol,Celta,"joan garcia, brian olivan, leandro cabrera, marash kumbulla, omar el hilali, pol lozano, javi puado, alex kral, justin smith, jofre carreras, irvin cardona","vicente guaita, javi rodriguez, carl starfelt, marcos alonso, jonathan bamba, oscar mingueza, damian rodriguez, ilaix moriba, hugo alvarez, iago aspas, anastasios douvikas"
145,2024-11-30,Real Valladolid,Atlético,"karl hein, lucas rosa, javi sanchez, eray comert, juma bah, luis perez, raul moro, kike perez, selim amallah, ivan sanchez, mamadou sylla","jan oblak, marcos llorente, jose maria gimenez, clement lenglet, javi galan, giuliano simeone, rodrigo de paul, pablo barrios, conor gallagher, antoine griezmann, julian alvarez"
146,2024-12-01,Villarreal,Girona,"diego conde, sergi cardona, logan costa, raul albiol, kiko femenia, alex baena, dani parejo, santi comesaña, yeremy pino, thierno barry, pape gueye","paulo gazzaniga, arnau martinez, david lopez, ladislav krejci, miguel gutierrez, ivan martin, oriol romeu, bryan gil, donny van de beek, arnaut danjuma, bojan miovski"
147,2024-12-01,Real Madrid,Getafe,"thibaut courtois, fran garcia, antonio rudiger, raul asencio, lucas vazquez, jude bellingham, dani ceballos, federico valverde, kylian mbappe, rodrygo, brahim diaz","david soria, juan iglesias, domingos duarte, juan berrocal, diego rico, allan nyom, luis milla, omar alderete, carles perez, mauro arambarri, alvaro rodriguez"
148,2024-12-01,Rayo Vallecano,Athletic,"augusto batalla, josep chavarria, abdul mumin, florian lejeune, andrei ratiu, alvaro garcia, oscar valentin, pathe ciss, isi palazon, adrian embarba, randy nteka","julen agirrezabala, iñigo lekue, yeray alvarez, aitor paredes, yuri berchiche, iñigo ruiz de galarreta, mikel jauregizar, iñaki williams, alex berenguer, nico williams, gorka guruzeta"
149,2024-12-01,R. Sociedad,Real Betis,"alex remiro, aihen muñoz, nayef aguerd, igor zubeldia, jon aramburu, beñat turrientes, martin zubimendi, brais mendez, ander barrenetxea, mikel oyarzabal, takefusa kubo","rui silva, youssouf sabaly, marc bartra, diego llorente, romain perraud, carlos guirao, sergi altimira, jesus rodriguez, giovanni lo celso, abde ezzalzouli, vitor roque"
150,2024-12-02,Sevilla,Osasuna,"alvaro fernandez, adria pedrosa, kike salas, loic bade, jose angel carmona, albert sambi lokonga, nemanja gudelj, djibril sow, peque fernandez, isaac romero, dodi lukebakio","sergio herrera, jesus areso, alejandro catena, enzo boyomo, juan cruz, jon moncayola, iker muñoz, aimar oroz, ruben garcia, ante budimir, bryan zaragoza"
151,2024-12-06,Celta,Mallorca,"vicente guaita, marcos alonso, carl starfelt, javi rodriguez, hugo alvarez, ilaix moriba, fran beltran, oscar mingueza, williot swedberg, borja iglesias, fer lopez","dominik greif, mateu morey, martin valjent, antonio raillo, siebe van der heyden, omar mascarell, samu costa, robert navarro, dani rodriguez, javi llabres, cyle larin"
152,2024-12-07,Las Palmas,Real Valladolid,"jasper cillessen, mika marmol, scott mckenna, alex suarez, viti rozada, kirian rodriguez, dario essugo, alberto moleiro, javi muñoz, sandro ramirez, fabio silva","karl hein, luis perez, eray comert, javi sanchez, lucas rosa, stanko juric, ivan sanchez, mario martin, kike perez, mamadou sylla, marcos andre"
153,2024-12-07,Real Betis,Barcelona,"francisco vieites, romain perraud, diego llorente, marc bartra, youssouf sabaly, sergi altimira, mateo flores, abde ezzalzouli, giovanni lo celso, chimy avila, vitor roque","iñaki peña, jules kounde, pau cubarsi, iñigo martinez, alejandro balde, pedri, marc casado, dani olmo, lamine yamal, robert lewandowski, raphinha"
154,2024-12-07,Valencia,Rayo Vallecano,"giorgi mamardashvili, jose luis gaya, yarek gasiorowski, cristhian mosquera, cesar tarrega, diego lopez, german valera, javi guerra, enzo barrenechea, luis rioja, hugo duro","augusto batalla, andrei ratiu, florian lejeune, abdul mumin, josep chavarria, pathe ciss, oscar valentin, jorge de frutos, isi palazon, alvaro garcia, randy nteka"
155,2024-12-07,Girona,Real Madrid,"paulo gazzaniga, miguel gutierrez, ladislav krejci, david lopez, arnau martinez, oriol romeu, ivan martin, bryan gil, donny van de beek, yaser asprilla, bojan miovski","thibaut courtois, lucas vaquez, aurelien tchouameni, antonio rudiger, ferland mendy, federico valverde, luka modric, arda guler, jude bellingham, brahim diaz, kylian mbappe"
156,2024-12-08,Leganés,R. Sociedad,"marko dmitrovic, javier hernandez, matija nastasic, sergio gonzalez, valentin rosier, yvan neyou, renato tapia, seydouba cisse, oscar rodriguez, diego garcia, miguel de la fuente","alex remiro, jon aramburu, igor zubeldia, nayef aguerd, aihen muñoz, martin zubimendi, takefusa kubo, brais mendez, luka sucic, sergio gomez, mikel oyarzabal"
157,2024-12-08,Athletic,Villarreal,"julen agirrezabala, yuri berchiche, aitor paredes, dani vivian, oscar de marcos, beñat prados, iñigo ruiz de galarreta, alex berenguer, oihan sancet, iñaki williams, gorka guruzeta","diego conde, kiko femenia, raul albiol, logan costa, juan bernat, yeremy pino, santi comesaña, dani parejo, alex baena, pape gueye, thierno barry"
158,2024-12-08,Osasuna,Alavés,"sergio herrera, juan cruz, enzo boyomo, alejandro catena, jesus areso, lucas torro, jon moncayola, abel bretones, aimar oroz, ruben garcia, ante budimir","antonio sivera, nahuel tenaglia, abdel abqar, santiago mouriño, moussa diarra, carlos vicente, joan jordan, antonio blanco, carlos martin, jon guridi, kike garcia"
159,2024-12-08,Atlético,Sevilla,"jan oblak, javi galan, clement lenglet, jose maria gimenez, marcos llorente, conor gallagher, pablo barrios, rodrigo de paul, giuliano simeone, julian alvarez, antoine griezmann","alvaro fernandez, jose angel carmona, loic bade, nemanja gudelj, kike salas, juanlu sanchez, lucien agoume, djibril sow, dodi lukebakio, isaac romero, peque fernandez"
160,2024-12-09,Getafe,Espanyol,"david soria, diego rico, omar alderete, djene, juan iglesias, coba da costa, luis milla, mauro arambarri, allan nyom, alvaro rodriguez, christantus uche","joan garcia, omar el hilali, sergi gomez, leandro cabrera, brian olivan, pol lozano, jofre carreras, alex kral, justin smith, javi puado, irvin cardona"
161,2024-12-13,Real Valladolid,Valencia,"karl hein, lucas rosa, javi sanchez, juma bah, luis perez, kike perez, stanko juric, raul moro, ivan sanchez, anuar, marcos andre","stole dimitrievski, dimitri foulquier, cesar tarrega, cristhian mosquera, jesus vazquez, fran perez, pepelu, javi guerra, luis rioja, diego lopez, hugo duro"
162,2024-12-14,Espanyol,Osasuna,"joan garcia, brian olivan, leandro cabrera, marash kumbulla, alvaro tejero, carlos romero, pol lozano, alex kral, antoniu roca, javi puado, irvin cardona","sergio herrera, jesus areso, alejandro catena, enzo boyomo, abel bretones, ruben garcia, pablo ibañez, lucas torro, aimar oroz, ante budimir, raul garcia"
163,2024-12-14,Mallorca,Girona,"domink greif, johan mojica, jose copete, martin valjent, pablo maffeo, sergi darder, omar mascarell, manu morlanes, antonio sanchez, vedat muriqi, cyle larin","paulo gazzaniga, juanpe, david lopez, daley blind, bryan gil, arnau martinez, oriol romeu, donny van de beek, miguel gutierrez, yaser asprilla, arnaut danjuma"
164,2024-12-14,Sevilla,Celta,"alvaro fernandez, kike salas, nemanja gudelj, loic bade, gabriel montiel, saul ñiguez, lucien agoume, manu bueno, dodi lukebakio, kelechi iheanacho, jesus navas","vicente guaita, javi rodriguez, carl starfelt, marcos alonso, oscar mingueza, fran beltran, ilaix moriba, hugo alvarez, iago aspas, pablo duran, williot swedberg"
165,2024-12-14,Rayo Vallecano,Real Madrid,"augusto batalla, josep chavarria, abdul mumin, florian lejeune, andrei ratiu, adrian embarba, unai lopez, pathe ciss, jorge de frutos, isi palazon, randy nteka","thibaut courtois, lucas vazquez, aurelien tchouameni, antonio rudiger, fran garcia, federico valverde, luka modric, arda guler, jude bellingham, brahim diaz, rodrygo"
166,2024-12-15,Atlético,Getafe,"jan oblak, javi galan, clement lenglet, jose maria gimenez, marcos llorente, samuel lino, pablo barrios, rodrigo de paul, giuliano simeone, julian alvarez, antoine griezmann","david soria, allan nyom, domingos duarte, omar alderete, juan iglesias, abdoulaye keita, djene, yellu santiago, luis milla, coba da costa, alvaro rodriguez"
167,2024-12-15,Alavés,Athletic,"antonio sivera, moussa diarra, santiago mouriño, abdel abqar, nahuel tenaglia, joan jordan, antonio blanco, carlos martin, jon guridi, carlos vicente, kike garcia","unai simon, oscar de marcos, dani vivian, aitor paredes, adama boiro, iñigo ruiz de galarreta, mikel jauregizar, iñaki williams, unai gomez, nico williams, alex berenguer"
168,2024-12-15,R. Sociedad,Las Palmas,"alex remiro, javi lopez, nayef aguerd, igor zubeldia, jon aramburu, martin zubimendi, sergio gomez, luka sucic, brais mendez, takefusa kubo, mikel oyarzabal","jasper cillessen, javi muñoz, juanma herzog, scott mckenna, mika marmol, dario essugo, kirian rodriguez, sandro ramirez, jose campaña, alberto moleiro, jaime mata"
169,2024-12-15,Villarreal,Real Betis,"luiz junior, sergi cardona, eric bailly, raul albiol, kiko femenia, alex baena, dani parejo, pape gueye, yeremy pino, ayoze perez, gerard moreno","francisco vieites, youssouf sabaly, marc bartra, diego llorente, romain perraud, johnny cardoso, sergi altimira, chimy avila, giovanni lo celso, abde ezzalzouli, vitor roque"
170,2024-12-15,Barcelona,Leganés,"iñaki peña, alejandro balde, iñigo martinez, eric garcia, jules kounde, pedri, marc casado, raphinha, dani olmo, lamine yamal, robert lewandowski","marko dmitrovic, adria altimira, sergio gonzalez, jorge saenz, renato tapia, javier hernandez, munir el haddadi, yvan neyou, seydouba cisse, oscar rodriguez, miguel de la fuente"
171,2024-12-20,Girona,Real Valladolid,"paulo gazzaniga, daley blind, ladislav krejci, david lopez, miguel gutierrez, ivarn martin, donny van de beek, arnau martinez,bryan gil, abel ruiz, yaser asprilla","karl hein, lucas rosa, juma bah, javi sanchez, eray comert, david torres, ivan sanchez, stanko juric, mario martin, marcos andre, anuar"
172,2024-12-21,Getafe,Mallorca,"david soria, diego rico, omar alderete, djene, juan iglesias, luis milla, mauro arambarri, coba da costa, christantus uche, allan nyom, bertug yildirim","dominik greif, pablo maffeo, martin valjent, antonio raillo, johan mojica, takuma asano, antonio sanchez, omar mascarell, sergi darder, cyle larin, dani rodriguez"
173,2024-12-21,Celta,R. Sociedad,"vicente guaita, marcos alonso, carl starfelt, javi rodriguez, oscar mingueza, ilaix moriba, fran beltran, sergio carreira, pablo duran, borja iglesias, alfon gonzalez","alex remiro, jon aramburu, igor zubeldia, jon pacheco, aihen muñoz, beñat turrientes, sergio gomez, brais mendez, luka sucic, ander barrenetxea, mikel oyarzabal"
174,2024-12-21,Osasuna,Athletic,"sergio herrera, juan cruz, jorge herrando, enzo boyomo, jesus areso, aimar oroz, lucas torro, jon moncayola, kike barja, ante budimir, ruben garcia","unai simon, andoni gorosabel, dani vivian, aitor paredes, yuri berchiche, mikel jauregizar, iñigo ruiz de galarreta, iñaki williams, oihan sancet, nico williams, gorka guruzeta"
175,2024-12-21,Barcelona,Atlético,"iñaki peña, alejandro balde, iñigo martinez, pau cubarsi, jules kounde, pedri, marc casado, fermin lopez, gavi, raphinha, robert lewandowski","jan oblak, marcos llorente, jose maria gimenez, clement lenglet, javi galan, giuliano simeone, rodrigo de paul, pablo barrios, conor gallagher, antoine griezmann, julian alvarez"
176,2024-12-22,Valencia,Alavés,"stole dimitrievski, luis rioja, yarek gasiorowski, cristhian mosquera, dimitri foulquier, javi guerra, enzo barrenechea, diego lopez, andre almeida, fran perez, hugo duro","antonio sivera, carlos vicente, adrian pica, abdel abqar, moussa diarra, manu sanchez, jon guridi, joan jordan, antonio blanco, carlos martin, kike garcia"
177,2024-12-22,Real Madrid,Sevilla,"thibaut courtois, eduardo camavinga, antonio rudiger, aurelien tchouameni, lucas vazquez, federico valverde, dani ceballos, rodrygo, jude bellingham, brahim diaz, kylian mbappe","alvaro fernandez, jose angel carmona, loic bade, nemanja gudelj, kike salas, dodi lukebakio, lucien agoume, albert sambi lokonga, stanis idumbo, juanlu sanchez, isaac romero"
178,2024-12-22,Las Palmas,Espanyol,"jasper cillessen, mika marmol, scott mckenna, alex suarez, javi muñoz, kirian rodriguez, jose campaña, dario essugo, sandro ramirez, fabio silva, marvin park","joan garcia, omar el hilali, marash kumbulla, leandro cabrera, brian olivan, pol lozano, antoniu roca, alvaro tejero, alex kral, javi puado, walid cheddira"
179,2024-12-22,Leganés,Villarreal,"marko dmitrovic, javier hernandez, matija nastasic, jorge saenz, sergio gonzalez, adria altimira, oscar rodriguez, seydouba cisse, yvan neyou, dani raba, miguel de la fuente","luiz junior, kiko femenia, raul albiol, logan costa, sergi cardona, yeremy pino, santi comesaña, pape gueye, denis suarez, alex baena, thierno barry"
180,2024-12-22,Real Betis,Rayo Vallecano,"francisco vieites, romain perraud, diego llorente, marc bartra, youssouf sabaly, sergi altimira, johnny cardoso, abde ezzalzouli, isco, giovanni lo celso, vitor roque","augusto batalla, andrei ratiu, aridane hernandez, florian lejeune, josep chavarria, pathe ciss, unai lopez, adrian embarba, isi palazon, alvaro garcia, randy nteka"
181,2024-12-03,Mallorca,Barcelona,"leo roman, johan mojica, antonio raillo, martin valjent, pablo maffeo, sergi darder, samu costa, manu morlanes, valery fernandez, antonio sanchez, vedat muriqi","iñaki peña, jules kounde, pau cubarsi, iñigo martinez, alejandro balde, pedri, marc casado, lamine yamal, dani olmo, raphinha, ferran torres"
182,2024-12-04,Athletic,Real Madrid,"julen agirrezabala, adama boiro, yeray alvarez, dani vivian, andoni gorosabel, beñat prados, mikel jauregizar, nico williams, oihan sancet, iñaki williams, alex berenguer","thibaut courtois, lucas vazquez, raul asencio, antonio rudiger, fran garcia, federico valverde, aurelien tchouameni, dani ceballos, jude bellingham, rodrygo, kylian mbappe"
183,2025-01-10,Rayo Vallecano,Celta,"dani cardenas, josep cahvarria, abdul mumin, florian lejeune, andrei ratiu, adrian embarba, pathe ciss, unai lopez, jorge de frutos, isi palazon, sergio camello","vicente guaita, oscar mingueza, carl starfelt, carlos dominguez, marcos alonso, ilaix moriba, fran beltran, alfon gonzalez, jonathan bamba, franco cervi, borja iglesias"
184,2025-01-11,Alavés,Girona,"jesus owono, manu sanchez, moussa diarra, abdel abqar, nahuel tenaglia, carlos martin, antonio blanco, joan jordan, carlos vicente, kike garcia, jon guridi","paulo gazzaniga, arnau martinez, david lopez, ladislav krejci, daley blind, bryan gil, ivan martin, yangel herrera, miguel gutierrez, donny van de beek, abel ruiz"
185,2025-01-11,Real Valladolid,Real Betis,"karl hein, lucas rosa, javi sanchez, juma bah, luis perez, mario martin, stanko juric, kike perez, raul moro, marcos andre, anuar","francisco vieites, youssouf sabaly, diego llorente, natan, ricardo rodriguez, sergi altimira, johnny cardoso, giovanni lo celso, isco, abde ezzalzouli, cedric bakambu"
186,2025-01-11,Espanyol,Leganés,"joan garcia, brian olivan, leandro cabrera, marash kumbulla, omar el hilali, pol lozano, jofre carreras, alex kral, alvaro tejero, antoniu roca, javi puado","marko dmitrovic, valentin rosier, renato tapia, sergio gonzalez, matija nastasic, juan cruz, dani raba, seydouba cisse, yvan neyou, darko brasanac, miguel de la fuente"
187,2025-01-11,Sevilla,Valencia,"orjan nyland, kike salas, nemanja gudelj, loic bade, jose angel carmona, albert sambi lokonga, lucien agoume, saul ñiguez, djibril sow, dodi lukebakio, isaac romero","giorgi mamardashvili, dimitri foulquier, cesar tarrega, cristhian mosquera, jose luis gaya, javi guerra, enzo barrenechea, luis rioja, andre almeida, diego lopez, hugo duro"
188,2025-01-12,Las Palmas,Getafe,"jasper cillessen, mika marmol, scott mckenna, alex suarez, juanma herzog, kirian rodriguez, dario essugo, alberto moleiro, javi muñoz, sandro ramirez, fabio silva","david soria, djene, domingos duarte, omar alderete, juan iglesias, carles aleña, luis milla, mauro arambarii, coba da costa, christantus uche, bertug yildirim"
189,2025-01-12,Atlético,Osasuna,"jan oblak, javi galan, clement lenglet, robin le normand, nahuel molina, conor gallagher, pablo barrios, rodrigo de paul, giuliano simeone, julian alvarez, antoine griezmann","sergio herrera, ruben peña, enzo boyomo, alejandro catena, jorge herrando, abel bretones, pablo ibañez, lucas torro, moi gomez, ruben garcia, raul garcia"
190,2025-01-13,R. Sociedad,Villarreal,"alex remiro, aihen muñoz, nayef aguerd, aritz elustondo, jon aramburu, martin zubimendi, sergio gomez, luka sucic, brais mendez, takefusa kubo, mikel oyarzabal","luiz junior, kiko femenia, juan foyth, willy kambwala, sergi cardona, denis suarez, santi comesaña, dani parejo, alex baena, pape gueye, thierno barry"
191,2025-01-17,Espanyol,Real Valladolid,"joan garcia, brian olivan, leandro cabrera, marash kumbulla, omer el hilali, javi puado, alex kral, pol lozano, antoniu roca, alejandro veliz, alvaro tejero","karl hein, luis perez, juma bah, javi sanchez, lucas rosa, kike perez, stanko juric, mario martin, anuar, marcos andre, raul moro"
192,2025-01-18,Girona,Sevilla,"paulo gazzaniga, daley blind, ladislav krejci, david lopez, arnau martinez, ivan martin, oriol romeu, bryan gil, yaser asprilla, viktor tsygankov, abel ruiz","orjan nyland, jose angel carmona, loic bade, nemanja gudelj, adria pedrosa, albert sambi lokonga, djibril sow, dodi lukebakio, saul ñiguez, ruben vargas, isaac romero"
193,2025-01-18,Leganés,Atlético,"marko dmitrovic, javier hernandez, renato tapia, matija nastasic, sergio gonzalez, valentin rosier, juan cruz, seydouba cisse, yvan neyou, dani raba, miguel de la fuente","jan oblak, nahuel molina, robin le normand, clement lenglet, javi galan, giuliano simeone, rodrigo de paul, pablo barrios, conor gallagher, antoine griezmann, julian alvarez"
194,2025-01-18,Real Betis,Alavés,"adrian, ricardo rodriguez, diego llorente, marc bartra, youssouf sabaly, johnny cardoso, pablo fornals, abde ezzalzouli, isco, jesus rodriguez, vitor roque","jesus owono, nahuel tenaglia, abdel abqar, moussa diarra, manu sanchez, antonio blanco, ander guevara, carlos vicente, jon guridi, tomas conechny, kike garcia"
195,2025-01-18,Getafe,Barcelona,"david soria, diego rico, omar alderete, domingos duarte, juan iglesias, djene, coba da costa, luis milla, mauro arambarri, carles aleña, christantus uche","iñaki peña, jules kounde, ronald araujo, pau cubarsi, alejandro balde, marc casado, pedri, lamine yamal, gavi, raphinha, robert lewandowski"
196,2025-01-19,Celta,Athletic,"vicente guaita, carlos dominguez, yoel lago, javi rodriguez, franco cervi, hugo sotelo, fran beltran, sergio carreira, williot swedberg, pablo duran, borja iglesias","unai simon, andoni gorosabel, dani vivian, yeray alvarez, adama boiro, iñaki williams, beñat prados, iñigo ruiz de galarreta, nico williams, unai gomez, alex berenguer"
197,2025-01-19,Real Madrid,Las Palmas,"thibaut courtois, fran garcia, antonio rudiger, raul asencio, lucas vazquez, federico valverde, dani ceballos, rodrygo, jude bellingham, brahim diaz, kylian mbappe","jasper cillessen, alex suarez, juanma herzog, scott mckenna, alex muñoz, sandro ramirez, javi muñoz, mika marmol, kirian rodriguez, alberto moleiro, fabio silva"
198,2025-01-19,Osasuna,Rayo Vallecano,"sergio herrera, juan cruz, alejandro catena, enzo boyomo, jesus areso, lucas torro, pablo ibañez, ruben garcia, aimar oroz, jon moncayola, ante budimir","augusto batalla, andrei ratiu, florian lejeune, abdul mumin, josep chavarria, jorge de frutos, oscar valentin, unai lopez, adrian embarba, isi palazon, sergio camello"
199,2025-01-19,Valencia,R. Sociedad,"giorgi mamardashvili, jose luis gaya, cristhian mosquera, cesar tarrega, dimitri foulquier, enzo barrenechea, javi guerra, luis rioja, andre almeida, diego lopez, hugo duro","alex remiro, igor zubeldia, nayef aguerd, jon pacheco, aritz elustondo, brais mendez, martin zubimendi, sergio gomez, javi lopez, sheraldo becker, orri stein oskarsson"
200,2025-01-20,Villarreal,Mallorca,"luiz junior, sergi cardona, logan costa, juan foyth, kiko femenia, alex baena, dani parejo, pape gueye, yeremy pino, thierno barry, gerard moreno","dominik greif, pablo maffeo, martin valjent, antonio raillo, johan mojica, dani rodriguez, omar mascarell, samu costa, sergi darder, cyle larin, vedat muriqi"
201,2025-01-24,Las Palmas,Osasuna,"jasper cillessen, mika marmol, scott mckenna, alex suarez, javi muñoz, kirian rodriguez, dario essugo, alberto moleiro, manu fuster, sandro ramirez, fabio silva","sergio herrera, jesus areso, enzo boyomo, alejandro catena, juan cruz, iker muñoz, ruben garcia, jon moncayola, aimar oroz, kike barja, ante budimir"
202,2025-01-25,Mallorca,Real Betis,"dominik greif, johan mojica, jose copete, antonio raillo, pablo maffeo, samu costa, omar mascarell, sergi darder, dani rodriguez, robert navarro, cyle larin","adrian, angel ortiz, diego llorente, natan, sergio arribas, johnny cardoso, marc roca, jesus rodriguez, isco, abde ezzalzouli, vitor roque"
203,2025-01-25,Atlético,Villarreal,"jan oblak, reinildo mandava, robin le normand, axel witsel, nahuel molina, conor gallagher, koke, pablo barrios, giuliano simeone, julian alvarez, angel correa","luiz junior, kiko femenia, willy kambwala, logan costa, sergi cardona, yeremy pino, santi comesaña, pape gueye, alex baena, gerard moreno, thierno barry"
204,2025-01-25,Sevilla,Espanyol,"orjan nyland, jose angel carmona, nemanja gudelj, loic bade, juanlu sanchez, saul ñiguez, albert sambi lokonga, djibril sow, ruben vargas, peque fernandez, dodi lukebakio","joan garcia, omar el hilali, marash kumbulla, leandro cabrera, brian olivan, jofre carreras, alex kral, pol lozano, alvaro tejero, roberto fernandez, javi puado"
205,2025-01-25,Real Valladolid,Real Madrid,"karl hein, lucas rosa, david torres, javi sanchez, luis perez, selim amallah, mario martin, anuar, mamadou sylla, marcos andre, ivan sanchez","thibaut courtois, raul asencio, aurelien tchouameni, antonio rudiger, fran garcia, dani ceballos, federico valverde, brahim diaz, jude bellingham, rodrygo, kylian mbappe"
206,2025-01-26,Rayo Vallecano,Girona,"augusto batalla, josep chavarria, abdul mumin, florian lejeune, andrei ratiu, unai lopez, pathe ciss, adrian embarba, isi palazon, jorge de frutos, sergio camello","paulo gazzaniga, arnau martinez, juanpe, david lopez, daley blind, yangel herrera, ivan martin, yaser asprilla, donny van de beek, bryan gil, arnaut danjuma"
207,2025-01-26,R. Sociedad,Getafe,"alex remiro, aihen muñoz, jon pacheco, igor zubeldia, jon aramburu, martin zubimendi, sergio gomez, jon ander olasagasti, beñat turrientes, takefusa kubo, mikel oyarzabal","david soria, juan iglesias, domingos duarte, omar alderete, diego rico, alex sola, luis milla, djene, coba da costa, christantus uche, bertug yilidrim"
208,2025-01-26,Athletic,Leganés,"unai simon, adama boiro, yeray alvarez, dani vivian, andoni gorosabel, mikel vesga, mikel jauregizar, nico williams, alex berenguer, iñaki williams, gorka guruzeta","marko dimitrovic, adria altimira, valentin rosier, sergio gonzalez, matija nastasic, juan cruz, moguel de la fuente, seydouba cisse, yvan neyou, darko brasanac, dani raba"
209,2025-01-26,Barcelona,Valencia,"wojciech szczesny, alejandro balde, pau cubarsi, eric garcia, jules kounde, frenkie de jong, marc casado, raphinha, dermin lopez, lamine yamal, ferran torres","giorgi mamardashvili, dimitri foulquier, cesar tarrega, yarek gasiorowski, jose luis gaya, diego lopez, pepelu, javi guerra, luis rioja, andre almeida, hugo duro"
210,2025-01-27,Alavés,Celta,"jesus owono, manu sanchez, moussa diarra, abdel abqar, nahuel tenaglia, carlos benavidez, ander guevara, tomas conechny, jon guridi, carlos vicente, kike garcia","vicente guaita, yoel lago, carl starfelt, marcos alonso, sergio carreira, fran beltran, ilaix moriba, mihailo ristic, franco cervi, borja iglesias, pablo duran"
211,2025-01-31,Leganés,Rayo Vallecano,"marko dmitrovic, juan cruz, matija nastasic, sergio gonzalez, valentin rosier, adria altimira, oscar doriguez, yvan neyou, seydouba cisse, dani raba, munir el haddadi","augusto batalla, andrei ratiu, florian lejeune, abdul mumin, josep chavarria, pathe ciss, unai lopez, jorge de frutos, isi palazon, alvaro garcia, randy nteka"
212,2025-02-01,Getafe,Sevilla,"david soria, diego rico, juan berrocal, domingos duarte, juan iglesias, coba da costa, mauro arambarri, djene, carles perez, christantus uche, juanmi","orjan nyland, jose angel carmona, loic bade, nemanja gudelj, adria pedrosa, saul ñiguez, albert sambi lokonga, djibril sow, dodi lukebakio, isaac romero, ruben vargas"
213,2025-02-01,Villarreal,Real Valladolid,"diego conde, sergi cardona, willy kambwala, juan foyth, kiko femenia, alex baena, santi comesaña, pape gueye, yeremy pino, ayoze perez, gerard moreno","karl hein, luis perez, javi sanchez, david torres, lucas rosa, stanko juric, anuar, chuky, selim amallah, mamadou sylla, marcos andre"
214,2025-02-01,Atlético,Mallorca,"jan oblak, reinildo mandava, clement lenglet, robin le normand, marcos llorente, samuel lino, koke, pablo barrios, giuliano simeone, julian alvarez, alexander sorloth","dominik greif, mateu morey, martin valjent, antonio raillo, jose copete, johan mojica, dani rodriguez, samu costa, sergi darder, cyle larin, vedat muriqi"
215,2025-02-01,Espanyol,Real Madrid,"joan garcia, carlos romero, leandro cabrera, marash kumbulla, omar el hilali, urko gonzalez, pol lozano, javi puado, alex kral, jofre carreras, roberto fernandez","thibaut courtois, lucas vazquez, aurelien tchouameni, antonio rudiger, fran garcia, dani ceballos, federico valverde, rodrygo, jude bellingham, vinicius junior, kylian mbappe"
216,2025-02-02,Barcelona,Alavés,"wojciech szczesny, alejandro balde, pau cubarsi, ronald araujo, jules kounde, pedri, marc casado, gavi, raphinha, robert lewandowski, lamine yamal","jesus owono, nahuel tenaglia, santiago mouriño, moussa diarra, manu sanchez, antonio blanco, ander guevara, carlos vicente, jon guridi, tomas conechny, kike garcia"
217,2025-02-02,Valencia,Celta,"giorgi mamardashvili, jose luis gaya, cristhian mosquera, cesar tarrega, dimitri foulquier, enzo barrenechea, javi guerra, luis rioja, andre almeida, diego lopez, hugo duro","vicente guaita, javi rodriguez, carl starfelt, carlos dominguez, sergio carreira, fran beltran, ilaix moriba, franco cervi, pablo duran, borja iglesias, williot swedberg"
218,2025-02-02,Osasuna,R. Sociedad,"sergio herrera, juan cruz, alejandro catena, enzo boyomo, jesus areso, aimar oroz, lucas torro, jon moncayola, kike barja, ante budimir, ruben garcia","alex remiro, jon aramburu, igor zubeldia, nayef aguerd, javi lopez, martin zubimendi, takefusa kubo, luka sucic, jon ander olasagasti, ander barrentexea, mikel oyarzabal"
219,2025-02-02,Real Betis,Athletic,"adrian, romain perraud, natan, diego llorente, angel ortiz, sergi altimira, johnny cardoso, jesus rodriguez, isco, antony, cedric bakambu","unai simon, andoni gorosabel, dani vivian, aitor paredes, iñigo lekue, iñaki williams, mikel jauregizar, mikel vesga, alex berenguer, oihan sancet, unai gomez"
220,2025-02-03,Girona,Las Palmas,"paulo gazzaniga, miguel gutierrez, ladislav krejci, juanpe, arnau martinez, ivan martin, yangel herrera, bryan gil, donny van de beek, viktor tsygankov, abel ruiz","jasper cillessen, andy pelmard, alex suarez, scott mckenna, mika marmol, enzo loiodice, javi muñoz, manu fuster, kirian rodriguez, alberto moleiro, fabio silva"
221,2025-02-07,Rayo Vallecano,Real Valladolid,"augusto batalla, josep chavarria, abdul mumin, florian lejeune, andrei ratiu, pathe ciss, unai lopez, alvaro garcia, isis palazon, jorge de frutos, sergio camello","karl hein, antonio candela, joseph aidoo, javi sanchez, david torres, tamas nikitscher, luis perez, chuky, mario martin, anuar, marcos andre"
222,2025-02-08,Celta,Real Betis,"vicente guaita, marcos alonso, carlos domingueza, javi rodriguez, hugo alvares, hugo sotelo, fran beltran, oscar mingueza, iker losada, pablo duran, alfon gonzalez","adrian, angel ortiz, diego llorente, natan, romain perraud, johnny cardoso, marc roca, antony, isco, jesus rodriguez, cedric bakambu"
223,2025-02-08,Athletic,Girona,"unai simon, adama boiro, yeray alvarez, dani vivian, oscar de marcos, beñat prados, mikel jauregizar, alex berenguer, oihan sancet, iñaki williams, gorka guruzeta","paulo gazzaniga, alejandro frances, juanpe, ladislav krejci, miguel gutierrez, yangel herrera, ivan martin, viktor tsygankov, donny van de beek, bryan gil, abel ruiz"
224,2025-02-08,Las Palmas,Villarreal,"jasper cillessen, mika marmol, scott mckenna, alex suarez, andy pelmard, stefan bajcetic, enzo loiodice, alberto moleiro, javi muñoz, sandro ramirez, oliver mcburnie","diego conde, kiko femenia, juan foyth, willy kambwala, sergi cardona, yeremy pino, santi comesaña, pape gueye, alex baena, ayoze perez, thierno barry"
225,2025-02-08,Real Madrid,Atlético,"thibaut courtois, fran garcia, raul asencio, aurelien tchouameni, lucas vazquez, dani ceballos, federico valverde, vinicius junior, jude bellingham, rodrygo, kylian mbappe","jan oblak, marcos llorente, jose maria gimenez, clement lenglet, javi galan, giuliano simeone, rodrigo de paul, pablo barrios, samuel lino, antoine griezmann, julian alvarez"
226,2025-02-09,Alavés,Getafe,"antonio sivera, manu sanchez, moussa diarra, abdel abqar, nahuel tenaglia, ander guevara, antonio blanco, carlos martin, carlos vicente, kike garcia, toni martinez","david soria, juan iglesias, domingos duarte, omar laderete, dieg rico, ramon terrats, djene, mauro arambarri, juan bernat, juanmi, christantus uche"
227,2025-02-09,Valencia,Leganés,"giorgi mamardashvili, jose luis gaya, mouctar diakhaby, cesar tarrega, cristhian mosquera, enzo barrenechea, javi guerra, andre almeida, diego lopez, luis rioja, hugo duro","marko dmitrovic, juan cruz, valentin rosier, jorge saenz, matija nastasic, borna barisic, yvan neyou, darko brasanac, renato tapia, dani raba, miguel de la fuente"
228,2025-02-09,R. Sociedad,Espanyol,"alex remiro, javi lopez, nayef aguerd, aritz elustondo, jon aramburu, pablo marin, martin zubimendi, luka sucic, sergio gomez, orri stein oskarsson, sheraldo becker","joan garcia, omar el hilali, marash kumbulla, fernando calero, leandro cabrera, javi puado, alvaro aguado, alex kral, antoniu roca, edu exposito, roberto fernandez"
229,2025-02-09,Sevilla,Barcelona,"orjan nyland, adria pedrosa, kike salas, loic bade, juanlu sanchez, djibril sow, nemanja gudelj, ruben vargas, saul ñiguez, dodi lukebakio, isaac romero","wojciech szczesny, jules kounde, ronald araujo, iñigo martinez, alejandro balde, frenkie de jong, pedri, lamine yamal, gavi, raphinha, robert lewandowski"
230,2025-02-10,Mallorca,Osasuna,"dominik greif, johan mojica, antonio raillo, martin valjent, pablo maffeo, samu costa, omar mascarell, sergi darder, dani rodriguez, robert navarro, vedat muriqi","sergio herrera, jesus areso, enzo boyomo, alejandro catena, juan cruz, lucas torro, ruben garcia, jon moncayola, aimar oroz, bryan zaragoza, ante budimir"
231,2025-02-14,Girona,Getafe,"paulo gazzaniga, daley blind, ladislav krejci, david lopez, miguel gutierrez, oriol romeu, arnau martinez, yangel herrera, bryan gil, cristhian stuani, viktor tsygankov","david soria, djene, domingos duarte, omar alderete, diego rico, juan iglesias, ramon terrats, mauro arambarri, juan bernat, christantus uche, juanmi"
232,2025-02-15,Leganés,Alavés,"marko dmitrovic, javier hernandez, matija nastasic, sergio gonzalez, valentin rosier, seydouba cisse, renato tapia, juan cruz, darko brasanac, dani raba, diego garcia","antonio sivera, nahuel tenaglia, abdel abqar, moussa diarra, manu sanchez, antonio blanco,ander guevara, carlos vicente, jon guridi, carles aleña, kike garcia"
233,2025-02-15,Osasuna,Real Madrid,"sergio herrera, juan cruz, jorge herrando, alejandro catena, jesus areso, lucas torro, bryan zaragoza, aimar oroz, jon moncayola, ruben garcia, ante budimir","thibaut courtois, federico valverde, aurelien tchouameni, raul aencio, fran garcia, brahim diaz, luka modric, eduardo camavinga, jude bellingham, kylian mbappe, vinicius junior"
234,2025-02-15,Atlético,Celta,"jan oblak, javi galan, robin le normand, jose maria gimenez, marcos llorente, samuel lino, pablo barrios, rodrigo de paul, giuliano simeone, julian alvarez, antoine griezmann","vicente guaita, javi rodriguez, carl starfelt, carlos dominguez, sergio carreira, fran beltran, hugo sotelo, marcos alonso, fer lopez, pablo duran, williot swedberg"
235,2025-02-15,Villarreal,Valencia,"diego conde, sergi cardona, logan costa, juan foyth, pau navarro, alex baena, dani parejo, pape gueye, yeremy pino, ayoze perez, nicolas pepe","giorgi mamardashvili, luis rioja, dimitri foulquier, cesar tarrega, cristhian mosquera, jose luis gaya, diego lopez, javi guerra, pepelu, andre almeida, hugo duro"
236,2025-02-16,Espanyol,Athletic,"joan garcia, carlos romero, leandro cabrera, marash kumbulla, omar el hilali, urko gonzalez, pol lozano, javi puado, alex kral, jofre carreras, roberto fernandez","unai simon, andoni gorosabel, dani vivian, yeray alvarez, yuri berchiche, mikel jauregizar, beñat prados, iñaki williams, oihan sancet, alex berenguer, maroan sannadi"
237,2025-02-16,Real Valladolid,Sevilla,"karl hein, antonio candela, david torres, joseph aidoo, luis perez, tamas nikitscher, adam aznou, mario martin, florian grillitsch, anuar, juanmi latasa","orjan nyland, jose angel carmona, nemanja gudelj, kike salas, adria pedrosa, juanlu sanchez, lucien agoume, djibril sow, dodi lukebakio, isaac romero, ruben vargas"
238,2025-02-16,Mallorca,Las Palmas,"domink greif, johan mojica, antonio raillo, martin valjent, pablo maffeo, sergi darder, omar mascarell, robert navarro, dani rodriguez, takuma asano, vedat muriqi","jasper cillessen, viti rozada, alex suarez, scott mckenna, mika marmol, enzo loiodice, stefan bajctetic, manu fuster, javi muñoz, alberto moleiro, oliver mcburnie"
239,2025-02-16,Real Betis,R. Sociedad,"adrian, ricardo rodriguez, diego llorente, marc bartra, angel ortiz, johnny cardoso, giovanni lo celso, jesus rodriguez, isco, antony, cucho hernandez","alex remiro, jon aramburu, igor zubeldia, nayef aguerd, aihen muñoz, sheraldo becker, martin zubimendi, luka sucic, sergio gomez, brais mendez, mikel oyarzabal"
240,2025-02-17,Barcelona,Rayo Vallecano,"wojciech szczesny, alejandro balde, iñigo martinez, pau cubarsi, hector fort, pedri, frenkie de jong, raphinha, gavi, lamine yamal, robert lewandowski","augusto batalla, andrei ratiu, florian lejeune, abdul mumin, josep chavarria, pedro diaz, pathe ciss, jorge de frutos, isi palazon, alvaro garcia, randy nteka"
241,2025-02-21,Celta,Osasuna,"vicente guaita, marcos alonso, carl starfelt, javi rodriguez, oscar mingueza, ilaix moriba, hugo sotelo, sergio carreira, williot swedberg, borja iglesias, fer lopez","sergio herrera, ruben peña, enzo boyomo, alejandro catena, jorge herrando, abel bretones, jon moncayola, lucas torro, moi gomez, ante budimir, bryan zaragoza"
242,2025-02-22,Alavés,Espanyol,"antonio sivera, moussa diarra, santiago mouriño, abdel abqar, nahuel tenaglia, carles aleña, joan jordan, antonio blanco, carlos vicente, kike garcia, toni martinez","joan garcia, omar el hilali, marash kumbulla, leandro cabrera, carlos romero, pol lozano, urko gonzalez, jofre carreras, alex kral, javi puado, roberto fernandez"
243,2025-02-22,Rayo Vallecano,Villarreal,"augusto batalla, josep chavarria, abdul mumin, florian lejeune, andrei ratiu, pathe ciss, pedro diaz, alvaro garcia, isi palazon, jorge de frutos, randy nteka","diego conde, juan foyth, willy kambwala, logan costa, sergi cardona, yeremy pino, santi comesaña, pape gueye, alex baena, ayoze perez, thierno barry"
244,2025-02-22,Valencia,Atlético,"giorgi mamardashvili, cirsthian mosquera, cesar tarrega, dimitri foulquier, jose luis gaya, enzo barrenechea, pepelu, luis rioja, ivan jaime, javi guerra, umar sadiq","jan oblak, nahuel molina, robin le normand, clement lenglet, cesar azpilicueta, giuliano simeone, rodrigo de paul, marcos llorente, samuel lino, antoine griezmann, julian alvarez"
245,2025-02-22,Las Palmas,Barcelona,"jasper cillessen, alex muñoz, mika marmol, alex suarez, viti rozada, stefan bajcetic, dario essugo, alberto moleiro, javi muñoz, sandro ramirez, oliver mcburnie","wojciech szczesny, jules kounde, eric garcia, pau cubarsi, alejandro balde, marc casado, pedri, lamine yamal, fermin lopez, raphinha, robert lewandowski"
246,2025-02-23,Athletic,Real Valladolid,"unai simon, yuri berchiche, aitor paredes, dani vivian, oscar de marcos, mikel vesga, mikel jauregizar, nico williams, oihan sancet, iñaki williams, maroan sannadi","karl hein, luis perez, javi sanchez, joseph aidoo, david torres, antonio candela, mamadou sylla, mario martin, stanko juric, chuky, marcos andre"
247,2025-02-23,Real Madrid,Girona,"thibaut courtois, ferland mendy, david alaba, raul asencio, lucas vazquez, luka modric, aurelien tchouameni, rodrygo, brahim diaz, vinicius junior, kylian mbappe","paulo gazzaniga, david lopez, ladislav krejci, daley blind, arnau martinez, ivan martin, oriol romeu, miguel gutierrez, donny van de beek, viktor tsygankov, arnaut danjuma"
248,2025-02-23,Getafe,Real Betis,"david soria, diego rico, omar alderete, domingos duarte, djene, juan bernat, mauro arambarri, ramon terrats, juan iglesias, juanmi, borja mayoral","adrian, youssouf sabaly, marc bartra, diego llorente, ricardo rodriguez, johnny cardoso, sergi altimira, antony, isco, jesus rodriguez, cucho hernandez"
249,2025-02-23,R. Sociedad,Leganés,"alex remiro, javi lopez, nayef aguerd, aritz elustondo, jon aramburu, martin zubimendi, sergio gomez, pablo marin, arsen zakharyan, takefusa kubo, orri stein oskarsson","marko dmitrovic, adria altimira, valentin rosier, sergio gonzalez, matija nastasic, juan cruz, yvan neyou, seydouba cisse, renato tapia, dani raba, diego garcia"
250,2025-02-24,Sevilla,Mallorca,"orjan nyland, adria pedrosa, kike salas, loic bade, jose angel carmona, saul ñiguez, djibril sow, ruben vargas, juanlu sanchez, dodi lukebakio, isaac romero","dominik greif, pablo maffeo, martin valjent, antonio raillo ,jose copete, johan mojica, takuma asano, omar macsarell, sergi darder, dani rodriguez, vedat muriqi"
251,2025-02-28,Real Valladolid,Las Palmas,"karl hein, adam aznou, javi sanchez, eray comert, antonio candela, tamas nikitscher, florian grillitsch, raul moro, selim amallah, anuar, marcos andre","jasper cillessen, viti rozada, mika marmol, scott mckenna, alex muñoz, dario essugo, jose campaña, sandro ramirez, javi muñoz, alberto moleiro, oliver mcburnie"
252,2025-03-01,Girona,Celta,"paulo gazzaniga, daley blind, ladislav krejci, david lopez, miguel gutierrez, oriol romeu, yangel herrera, arnau martinez, bryan gil, viktor tsygankov, bojan miovski","vicente guaita, javi rodriguez, carl starfelt, marcos alonso, sergio carreira, fran beltran, ilaix moriba, oscar mingueza, iker losada, williot swedberg, pablo duran"
253,2025-03-01,Rayo Vallecano,Sevilla,"augusto batalla, josep chavarria, abdul mumin, florian lejeune, andrei ratiu, pathe ciss, pedro diaz, alvaro garcia, oscar trejo, adrian embarba, randy nteka","orjan nyland, jose angel carmona, loic bade, kike salas, adria pedrosa, djibril sow, saul ñiguez, dodi lukebakio, juanlu sanchez, ruben vargas, isaac romero"
254,2025-03-01,Real Betis,Real Madrid,"adrian, ricardo rodriguez, diego llorente, marc bartra, youssouf sabaly, sergi altimira, johnny cardoso, jesus rodriguez, isco, antony, cucho hernandez","thibaut courtois, lucas vazquez, antonio rudiger, david alaba, ferland mendy, luka modric, aurelien tchouameni, brahim diaz, rodrygo, kylian mbappe, vinicius junior"
255,2025-03-01,Atlético,Athletic,"jan oblak, javi galan, clement lenglet, robin le normand, nahuel molina, samuel lino, pablo barrios, rodrigo de paul, giuliano simeone, alexander sorloth, antoine griezmann","unai simon, andoni gorosabel, dani vivian, yeray alvarez, yuri berchiche, iñigo ruiz de galarreta, mikel jauregizar, iñaki williams, unai gomez, nico williams, alex berenguer"
256,2025-03-02,Leganés,Getafe,"marko dmitrovic, javier hernandez, matija nastasic, jorge saenz, sergio gonzalez, valentin rosier, darko brasanac, yvan neyou, seydouba cisse, dani raba, miguel de la fuente","david soria, juan iglesias, djene, juan berrocal, diego rico, allan nyom, ramon terrats, mauro arambarri, juan bernat, christantus uche, borja mayoral"
257,2025-03-02,Barcelona,R. Sociedad,"wojciech szczesny, gerard martin, pau cubarsi, ronald araujo, jules kounde, marc casado, raphinha, pedri, dani olmo, lamine yamal, robert lewandowski","alex remiro, jon aramburu, igor zubeldia, aritz elustondo, javi lopez, martin zubimendi, sergio gomez, jon ander olasagasti, pablo marin, ander barrenetxea, orri stein oskarsson"
258,2025-03-02,Mallorca,Alavés,"dominik greif, toni lato, antonio raillo, martin valjent, pablo maffeo, robert navarro, sergi darder, omar mascarell, takuma asano, dani rodriguez, vedat muriqi","antonio sivera, nahuel tenaglia, abdel abqar, santiago mouriño, manu sanchez, carlos vicente, joan jordan, antonio blanco, carles aleña, carlos martin, kike garcia"
259,2025-03-02,Osasuna,Valencia,"sergio herrera, abel bretones, alejandro catena, enzo boyomo, jesus areso, lucas torro, jon moncayola, bryan zaragoza, aimar oroz, ruben garcia, ante budimir","giorgi mamardashvili, dimitri foulquier, cesar tarrega, cristhian mosquera, jose luis gaya, javi guerra, enzo barrenechea, luis rioja, ivan jaime, diego lopez, umar sadiq"
260,2025-04-27,Villarreal,Espanyol,"luiz junior, sergi cardona, logan costa, juan foyth, kiko femenia, yeremy pino, dani parejo, santi comesaña, nicolas pepe, thierno barry, ayoze perez","joan garcia, omar el hilali, marash kumbulla, leandro cabrera, carlos romero, urko gonzalez, alex kral, antoniu roca, edu exposito, javi puado, roberto fernandez"
261,2025-03-08,Celta,Leganés,"vicente guaita, marcos alonso, carl starfelt, jailson, oscar mingueza, hugo sotelo, damian rodriguez, sergio carreira, alfon gonzalez, borja iglesias, iago aspas","marko dmitrovic, valentin rosier, sergio gonzalez, matija nastasic, renato tapia, javier hernandez, juan cruz, yvan neyou, seydouba cisse, oscar rodriguez, diego garcia"
262,2025-03-08,Alavés,Villarreal,"antonio sivera, manu sanchez, santiago mouriño, abdel abqar, nahuel tenaglia, carles aleña, joan jordan, antonio blanco, pau cabanes, kike garcia, carlos martin","diego conde, juan foyth, willy kambwala, logan costa, sergi cardona, yeremy pino, pape gueye, dani parejo, alex baena, nicolas pepe, ayoze perez"
263,2025-03-08,Valencia,Real Valladolid,"giorgi mamardashvili, jose luis gaya, cristhian mosquera, cesar tarrega, dimitri foulquier, enzo barrenechea, javi guerra, diego lopez, andre almeida, luis rioja, umar sadiq","karl hein, luis perez, javi sanchez, david torres, adam aznou, ivan sanchez, florian grillitsch, tamas nikitscher, raul moro, marcos andre, juanmi latasa"
264,2025-03-09,Getafe,Atlético,"david soria, diego rico, omar laderete, domingos duarte, djene, luis milla, coba da costa, mauro arambarri, christantus uche, ramon terrats, alvaro rodriguez","jan oblak, nahuel molina, jose maria gimenez, robin le normand, javi galan, giuliano simeone, rodrigo de paul, marcos llorente, samuel lino, antoine griezmann, julian alvarez"
265,2025-03-09,Real Madrid,Rayo Vallecano,"andriy lunin, fran garcia, david alaba, raul asencio, lucas vazquez, jude bellingham, luka modric, aurelien tchouameni, rodrygo, vinicius junior, kylian mbappe","augusto batalla, andrei ratiu, florian lejeune, aridante hernandez, alfonso espino, pathe ciss, gerard gumbau, adrian embarba, pedro diaz, josep chavarria, alvaro garcia"
266,2025-03-09,Athletic,Mallorca,"unai simon, adama boiro, aitor paredes, yeray alvarez, andoni gorosabel, beñat prados, mikel jauregizar, nico williams, peio canales, alex berenguer, gorka guruzeta","dominik greif, pablo maffeo, martin valjent, antonio raillo, jose copete, johan mojica, takuma asano, samu costa, omar mascarell, sergi darder, vedat muriqi"
267,2025-03-09,Real Betis,Las Palmas,"adrian, ricardo rodriguez, natan, diego llorente, youssouf sabaly, johnny cardoso, pablo fornals, jesus rodriguez, isco, antony, cucho hernandez","jasper cillessen, viti rozada, alex suarez, juanma herzog, stefan bajcetic, alex muñoz, sandro ramirez, dario essugo, jose campaña, javi muñoz, fabio silva"
268,2025-03-09,R. Sociedad,Sevilla,"unai marrero, javi lopez, nayef aguerd, igor zubeldia, jon aramburu, beñat turrientes, sergio gomez, jon ander olasagasti, pablo marin, sheraldo becker, orri stein oskarsson","orjan nyland, jose angel carmona, loic bade, kike salas, adria pedrosa, lucien agoume, djibril sow, dodi lukebakio, saul ñiguez, chidera ejuke, isaac romero"
269,2025-03-10,Espanyol,Girona,"joan garcia, carlos romero, leandro cabrera, marash kumbulla, omar el hilali, urko gonzalez, pol lozano, jofre carreras, javi puado, alex kral, roberto fernandez","paulo gazzaniga, arnau martinez, daley blind, ladislav krejci, miguel gutierrez, ivan martin, arthur, yangel herrera, viktor tsygankov, bojan miovski, bryan gil"
270,2025-03-27,Barcelona,Osasuna,"wojciech szczesny, alejandro balde, iñigo martinez, eric garcia, jules kounde, pedri, frenkie de jong, dani olmo, gavi, ferran torres, lamine yamal","sergio herrera, jesus areso, alejandro catena, jorge herrando, juan cruz, jon moncayola, pablo ibañez, iker muñoz, jose manuel arnaiz, raul garcia, aimar oroz"
271,2025-03-14,Las Palmas,Alavés,"jasper cillessen, alex muñoz, scott mckenna, juanma herzog, alex suarez, jose campaña, stefan bajcetic, alberto moleiro, javi muñoz, sandro ramirez, fabio silva","adrian rodriguez, nahuel tenaglia, abdel abqar, santiago mouriño, manu sanchez, carlos vicente, joan jordan, ander guevara, carles aleña, toni martinez, carlos martin"
272,2025-03-15,Real Valladolid,Celta,"karl hein, adam aznou, javi sanchez, eray comert, antonio candela, tamas nikitscher, raul moro, florian grillitsch, mario martin, anuar, mamadou sylla","vicente guaita, javi rodriguez, carl starfelt, marcos alonso, sergio carreira, fran beltran, hugo sotelo, oscar mingueza, iago aspas, borja iglesias, alfon gonzalez"
273,2025-03-15,Mallorca,Espanyol,"dominik greif, johan mojica, antonio raillo, martin valjent, pablo maffeo, samu costa, sergi darder, manu morlanes, dani rodriguez, takuma asano, vedat muriqi","joan garcia, omar el hilali, marash kumbulla, leandro cabrera, carlos romero, jofre carreras, edu exposito, urko gonzalez, javi puado, alex kral, roberto fernandez"
274,2025-03-15,Villarreal,Real Madrid,"diego conde, sergi cardona, logan costa, willy kambwala, juan foyth, alex baena, pape gueye, santi comesaña, tajon buchanan, ayoze perez, nicolas pepe","thibaut courtois, lucas vaquez, aurelien tchouameni, raul asencio, fran garcia, federico valverde, eduardo camavinga, brahim diaz, jude bellingham, rodrygo, kylian mbappe"
275,2025-03-15,Girona,Valencia,"paulo gazzaniga, miguel gutierrez, ladislav krejci, daley blind, arnau martinez, arthur, yangel herrera, arnaut danjuma, ivan martin, viktor tsygankov, bojan miovski","giorgi mamardashvili, dimitri foulquier, mouctar diakhaby, cesar tarrega, cristhian mosquera, jose luis gaya, andre almeida, javi guerra, enzo barrenechea, diego lopez, umar sadiq"
276,2025-03-16,Leganés,Real Betis,"marko dmitrovic, javier hernandez, matija nastasic, sergio gonzalez, valentin rosier, darko brasanac, seydouba cisse, renato tapia, yvan neyou, juan cruz, dani raba","adrian, youssouf sabaly, diego llorente, natan, romain perraud, pablo fornals, sergi altimira, antony, isco, abde ezzalzouli, cucho hernandez"
277,2025-03-16,Sevilla,Athletic,"orjan nyland, adria pedrosa, kike salas, loioc bade, jose angel carmona, djibril sow, lucien agoume, chidera ejuke, saul ñiguez, dodi lukebakio, isaac romero","unai simon, andoni gorosabel, unai nuñez, yeray alvarez, iñigo lekue, beñat prados, mikel vesga, iñaki williams, unai gomez, alex berenguer, gorka guruzeta"
278,2025-03-16,Osasuna,Getafe,"sergio herrera, juan cruz, alejandro catena, enzo boyomo, jesus areso, pablo ibañez, lucas torro, jon moncayola, bryan zaragoza, ante budimir, ruben garcia","david soria, djene, domingos duarte, omar alderete, diego rico, luis milla, mauro arambarri, ramon terrats, christantus uche, coba da costa, juanmi"
279,2025-03-16,Rayo Vallecano,R. Sociedad,"augusto batalla, josep chavarria, aridane hernandez, florian lejeune, andrei ratiu, pedro diaz, pathe ciss, alvaro garcia, oscar trejo, jorge de frutos, sergi guardiola","alex remiro, jon aramburu, igor zubeldia, aritz elustondo, javi lopez, martin zubimendi, takefusa kubo, jon ander olasagasti, sergio gomez, ander barrenetxea, orri steinn oskarsson"
280,2025-03-16,Atlético,Barcelona,"jan oblak, reinildo mandava, clement lenglet, robin le normand, marcos llorente, samuel lino, pablo barrios, rodrigo de paul, giuliano simeone, julian alvarez, antoine griezmann","wojciech szczesny, jules kounde, pau cubarsi, iñigo martinez, alejandro balde, marc casado, pedri, lamine yamal, dani olmo, raphinha, robert lewandowski"
281,2025-03-29,R. Sociedad,Real Valladolid,"alex remiro, javi lopez, aritz elustondo, igor zubeldia, hamari traore, martin zubimendi, sergio gomez, pablo marin, jon ander olasagasti, takefusa kubo, mikel oyarzabal","arnau rafus, luis perez, javi sanchez, david torres, adam aznou, stanko juric, mario martin, ivan sanchez, selim amallah, raul moro, juanmi latasa"
282,2025-03-29,Espanyol,Atlético,"joan garcia, carlos romero, leandro cabrera, marash kumbulla, omar el hilali, urko gonzalez, pol lozano, javi puado, alex kral, jofre carreras, roberto fernandez","jan oblak, marcos llorente, robin le normand, clement lenglet, cesar azpilicueta, giuliano simeone, conor gallagher, pablo barrios, samuel lino, alexander sorloth, antoine griezmann"
283,2025-03-29,Alavés,Rayo Vallecano,"antonio sivera, manu sanchez, santiago mouriño, abdel abqar, nahuel tenaglia, antonio blanco, joan jordan, carles aleña, jon guridi, pau cabanes, kike garcia","augusto batalla, andrei ratiu, aridane hernandez, pelayo fernandez, josep chavarria, pathe ciss, unai lopez, jorge de frutos, oscar trejo, alvaro garcia, randy nteka"
284,2025-03-29,Real Madrid,Leganés,"andriy lunin, fran garcia, antonio rudiger, raul asencio, lucas vazquez, eduardo camavinga, luka modric, brahim diaz, jude bellingham, arda guler, kylian mbappe","marko dmitrovic, valentin rosier, sergio gonzalez, matija nastasic, javier hernandez, yvan neyou, renato tapia, juan cruz, dani raba, oscar rodriguez, diego garcia"
285,2025-03-30,Getafe,Villarreal,"david soria, diego rico, omar alderete, domingos duarte, juan iglesias, djene, coba da costa, luis milla, mauro arambarri, carles perez, juanmi","luiz junior, pau navarro, juan foyth, willy kambwala, sergi cardona, tajon buchanan, santi comesaña, dani parejo, alex baena, ayoze perez, thierno barry"
286,2025-03-30,Barcelona,Girona,"wojciech szczesny, gerard martin, iñigo martinez, ronald araujo, jules kounde, pedri, eric garcia, gavi, fermin lopez, lamine yamal, robert lewandowski","paulo gazzaniga, alejandro frances, daley blind, ladislav krejci, miguel gutierrez, arnau martinez, arthur, yangel herrera, yaser asprilla, viktor tsygankov, arnaut danjuma"
287,2025-03-30,Athletic,Osasuna,"unai simon, yuri berchiche, yeray alvarez, unai nuñez, oscar de marcos, mikel jauregizar, beñat prados, nico williams, alex berenguer, iñaki williams, maroan sannadi","aitor fernandez, jesus areso, enzo boyomo, alejandro catena, jorge herrando, abel bretones, ruben garcia, jon moncayola, lucas torro, aimar oroz, ante budimir"
288,2025-03-30,Valencia,Mallorca,"giorgi mamardashvili, jose luis gaya, cristhian mosquera, cesar tarrega, dimitri foulquier, enzo barrenechea, javi guerra, diego lopez, andre almeida, luis rioja, umar sadiq","dominik greif, pablo maffeo, david lopez, antonio raillo, jose copete, toni lato, manu morlanes, samu costa, sergi darder, takuma asano, abdon prats"
289,2025-03-30,Real Betis,Sevilla,"adrian, ricardo rodriguez, diego llorente, marc bartra, youssouf sabaly, pablo fornals, johnny cardoso, javi rodriguez, isco, antony, cucho hernandez","orjan nyland, jose angel carmona, loic bade, kike salas, adria pedrosa, nemanja gudelj, dodi lukebakio, juanlu sanchez, albert sambi lokonga, ruben vargas, isaac romero"
290,2025-03-31,Celta,Las Palmas,"vicente guaita, marcos alonso, carl starfelt, javi rodriguez, mihailo ristic, ilaix moriba, damian rodriguez, sergio carreira, alfon gonzalez, borja iglesias, iker losada","jasper cillessen, viti rozada, stefan bajcetic, juanma herzog, scott mckenna, mika marmol, javi muñoz, jose campaña, alberto moleiro, fabio silva, oliver mcburnie"
291,2024-04-04,Rayo Vallecano,Espanyol,"augusto batalla, josep chavarria, florian lejeune, aridane hernandez, andrei ratiu, pathe ciss, unai lopez, alvaro garcia, pedro diaz, jorge de frutos, randy nteka","joan garcia, omar el hilali, marash kumbulla, leandro cabrera, carlos romero, urko gonzalez, pol lozano, antoniu roca, edu exposito, javi puado, roberto fernandez"
292,2025-04-05,Girona,Alavés,"paulo gazzaniga, miguel gutierrez, ladislav krejci, daley blind, alejandro frances, yangel herrera, oriol romeu, arnaut danjuma, donny van de beek, yaser asprilla, abel ruiz","antonio sivera, santiago mouriño, abdel abqar, moussa diarra, manu sanchez, joan jordan, antonio blanco, carlos vicente, jon guridi, carlos martin, kike garcia"
293,2025-04-05,Real Madrid,Valencia,"fran gonzalez, fran garcia, antonio rudiger, aurelien tchouameni, lucas vazquez, jude bellingham, federico valvede, luka modric, brahim diaz, vinicius junior, kylian mbappe","giorgi mamardashvili, max aarons, cristhian mosquera, cesar tarrega, mouctar diakhaby, jesus vazquez, diego lopez, javi guerra, enzo barrenechea, andre almeida, umar sadiq"
294,2025-04-05,Mallorca,Celta,"dominik greif, johan mojica, jose copete, martin valjent, pablo maffeo, omar mascarell, manu morlanes, sergi darder, dani rodriguez, takuma asano, vedat muriqi","vicente guaita, javi rodriguez, carl starfelt, marcos alonso, oscar mingueza, sergio carreira, pablo duran, fran beltran, ilaix moriba, alfon gonzalez, iago aspas"
295,2025-04-05,Barcelona,Real Betis,"wojciech szczesny, alejandro balde, pau cubarsi, ronald araujo, jules kounde, pedri, frenkie de jong, gavi, ferran torres, robert lewandowski, lamine yamal","adrian, aitor ruibal, marc bartra, natan, romain perraud, johnny cardoso, sergi altimira, antony, giovanni lo celso, pablo fornals, cucho hernandez"
296,2025-04-06,Las Palmas,R. Sociedad,"dinko horkas, mika marmol, scott mckenna, juanma herzog, viti rozada, alberto moleiro, javi muñoz, dario essugo, sandro ramirez, fabio silva, oliver mcburnie","alex remiro, jon aramburu, igor zubeldia, aritz elustondo, javi lopez, martin zubimendi, sergio gomez, jon ander olasagasti, pablo marin, ander barrenetxea, mikel oyarzabal"
297,2025-04-06,Sevilla,Atlético,"orjan nyland, adria pedrosa, kike salas, loic bade, jose angel carmona, djibril sow, lucien agoume, albert sambi lokonga, ruben vargas, akor adams, dodi lukebakio","jan oblak, nahuel molina, robin le normand, clement lenglet, cesar azpilicueta, giuliano simeone, marcos llorente, pablo barrios, conor gallagher, antoine griezmann, julian alvarez"
298,2025-04-06,Real Valladolid,Getafe,"adnre ferreira, adam aznou, cenk ozkacar, eray comert, antonio candela, raul moro, mario martin, tamas nikitscher, ivan sanchez, juanmi latasa, mamadou sylla","david soria, juan iglesias, domingos duarte, omar alderete, diego rico, mauro arambarri, luis milla, ramon terrats, christantus uche, juan bernat, juanmi"
299,2025-04-06,Villarreal,Athletic,"luiz junior, sergi cardona, logan costa, juan foyth, kiko femenia, alex baena, dani parejo, santi comesaña, tajon buchanan, thierno barry, ayoze perez","unai simon, andoni gorosabel, dani vivian, aitor paredes, yuri berchiche, mikel jauregizar, beñat prados, iñaki williams, unai gomez, nico williams, gorka guruzeta"
300,2025-04-07,Leganés,Osasuna,"marko dmitrovic, renato tapia, matija nastasic, sergio gonzalez, javier hernandez, yvan neyou, seydouba cisse, valentin rosier, dani raba, diego garcia, juan cruz","sergio herrera, jesus areso, enzo boyomo, alejandro catena, jorge herrando, abel bretones, jon moncayola, lucas torro, aimar oroz, ruben garcia, ante budimir"
301,2025-04-11,Valencia,Sevilla,"giorgi mamardashvili, jose luis gaya, cristhian mosquera, cesar tarrega, dimitri foulquier, enzo barrenechea, javi guerra, diego lopez, andre almeida, luis rioja, umar sadiq","orjan nyland, jose angel carmona, loic bade, nemanja gudelj, kike salas, djibril sow, lucien agoume, peque fernandez, albert sambi lokonga, dodi lukebakio, isaac romero"
302,2025-04-12,R. Sociedad,Mallorca,"alex remiro, aihen muñoz, aritz elustondo, jon martin, jon aramburu, martin zubimendi, luka sucic, ander barrenetxea, pablo marin, takefusa kubo, mikel oyarzabal","dominik greif, pablo maffeo, martin valjent, antonio raillo, jose copete, johan mojica, antonio sanchez, samu costa, sergi darder, cyle larin, dani rodriguez"
303,2025-04-12,Getafe,Las Palmas,"david soria, diego rico, omar alderete, domingos duarte, juan iglesias, juan bernat, mauro arambarri, luis milla, ramon terrats, juanmi, christantus uche","dinko horkas, viti rozada, alex suarez, scott mckenna, mika marmol, javi muñoz, stefan bajcetic, dario essugo, sandro ramirez, oliver mcburnie, fabio silva"
304,2025-04-12,Celta,Espanyol,"vicente guaita, oscar mingueza, marcos alonso, carl starfelt, javi rodriguez, fran beltran, alfon gonzalez, hugo sotelo, iago aspas, sergio carreira, pablo duran","joan garcia, omar el hilali, marash kumbulla, leandro cabrera, carlos romero, urko gonzalez, pol lozano, antoniu roca, edu exposito, javi puado, roberto fernandez"
305,2025-04-12,Leganés,Barcelona,"marko dmitrovic, javier hernandez, sergio gonzalez, jorge saenz, valentin rosier, yan diomande, seydouba cisse, renato tapia, oscar rodriguez, adria altimira, dani raba","wojciech szczesny, jules kounde, ronald araujo, iñigo martinez, alejandro balde, eric garcia, pedri, lamine yamal, fermin lopez, raphinha, robert lewandowski"
306,2025-04-13,Osasuna,Girona,"sergio herrera, abel bretones, jorge herrando, alejandro catena, enzo boyomo, jesus areso, aimar oroz, lucas torro, jon moncayola, ante budimir, ruben garcia","paulo gazzaniga, arnau martinez, david lopez, ladislav krejci, daley blind, oriol romeu, arthur, viktor tsygankov, yangel herrera, arnaut danjuma, abel ruiz"
307,2025-04-13,Alavés,Real Madrid,"jesus owono, manu sanchez, santiago mouriño, abdel abqar, nahuel tenaglia, antonio blanco, joan jordan, carlos martin, carles aleña, carlos vicente, kike garcia","thibaut courtois, lucas vazquez, raul asencio, antonio rudiger, fran garcia, aurelien tchouameni, arda guler, federico valverde, eduardo camavinga, rodrygo, kylian mbappe"
308,2025-04-13,Real Betis,Villarreal,"adrian, romain perraud, diego llorente, marc bartra, aitor ruibal, pablo fornals, johnny cardoso, jesus rodriguez, isco, antony, cucho hernandez","luiz junior, kiko femenia, juan foyth, logan costa, sergi cardona, yeremy pino, santi comesaña, dani parejo, alfonso pedraza, ayoze perez, thierno barry"
309,2025-04-13,Athletic,Rayo Vallecano,"unai simon, adama boiro, aitor paredes, dani vivian, andoni gorosabel, beñat prados, mikel jauregizar, alex berenguer, unai gomez, alvaro djalo, gorka guruzeta","augusto batalla, andrei ratiu, florian lejeune, aridane hernandez, alfonso espino, pedro diaz, pathe ciss, jorge de frutos, gerard gumbau, josep chavarria, alvaro garcia"
310,2025-04-14,Atlético,Real Valladolid,"jan oblak, javi galan, clement lenglet, jose maria gimenez, marcos llorente, conor gallagher, koke, pablo barrios, giuliano simeone, julian alvarez, antoine griezmann","andre ferreira, antonio cnadela, joseph aidoo, javi sanchez, henrique, stanko juric, anuar, chuky, florian grillitsch, darwin machis, mamadou sylla"
311,2025-04-18,Espanyol,Getafe,"joan garcia, omar el hilali, marash kumbulla, leandro cabrera, carlos romero, urko gonzalez, pol lozano, antoniu roca, edu exposito, jofre carreras, roberto fernandez","david soria, djene, omar alderete, domingos duarte, juan iglesias, coba da costa, mauro arambarri, luis milla, ramon terrats, bertug yildirim, christantus uche"
312,2025-04-19,Rayo Vallecano,Valencia,"augusto batalla, josep chavarria, pathe ciss, florian lejeune, andrei ratiu, gerard gumbau, oscar valentin, alvaro garcia, pedro diaz, jorge de frutos, randy nteka","giorgi mamardashvili, dimitri foulquier, cesar tarrega, cristhian mosquera, jose luis gaya, luis rioja, javi guerra, enzo barrenechea, andre almeida, diego lopez, hugo duro"
313,2025-04-19,Barcelona,Celta,"wojciech szczesny, jules kounde, pau cubarsi, iñigo martinez, gerard martin, frenkie de jong, pedri, ferran torres, fermin lopez, raphinha, robert lewandowski","vicente guaita, javi rodriguez, marcos alonso, yoel lago, sergio carreira, fran beltran, williot swedberg, ilaix moriba, borja iglesias, iker losada, pablo duran"
314,2025-04-19,Mallorca,Leganés,"dominik greif, johan mojica, jose copete, antonio raillo, martin valjent, pablo maffeo, sergi darder, samu costa, dani rodriguez, cyle larin, abdon prats","marko dmitrovic, valentin rosier, jorge saenz, sergio gonzalez, javier hernandez, renato tapia, yvan neyou, yan diomande, seydouba cisse, adria altimira, diego garcia"
315,2025-04-19,Las Palmas,Atlético,"dinko horkas, mika marmol, scott mckenna, alex suarez, viti rozada, alberto moleiro, stefan bajcetic, dario essugo, javi muñoz, fabio silva, oliver mcburnie","jan oblak, marcos llorente, jose maria gimenez, robin le normand, javi galan, giuliano simeone, pablo barrios, koke, conor gallagher, julian alvarez, alexander sorloth"
316,2025-04-20,Real Valladolid,Osasuna,"andre ferreira, henrique, javi sanchez, joseph aidoo, antonio candela, stanko juric, raul moro, florian grillitsch, chuky, darwin machis, juanmi latasa","sergio herrera, jesus areso, enzo boyomo, alejandro catena, jorge herrando, abel bretones, jon moncayola, lucas torro, aimar oroz, ante budimir, ruben garcia"
317,2025-04-20,Villarreal,R. Sociedad,"luiz junior, sergi cardona, logan costa, juan foyth, kiko femenia, denis suarez, dani parejo, santi comesaña, yeremy pino, thierno barry, ayoze perez","alex remiro, hamari traore, jon martin, aritz elustondo, aihen muñoz, beñat turrientes, takefusa kubo, pablo marin, luka sucic, sergio gomez, mikel oyarzabal"
318,2025-04-20,Sevilla,Alavés,"orjan nyland, adria pedrosa, ramon martinez, loic bade, jose angel carmona, nemanja gudelj, lucien agoume, chidera ejuke, peque fernandez, dodi lukebakio, isaac romero","antonio sivera, nahuel tenaglia, facundo garces, aleksandar sedlar, moussa diarra, joan jordan, antonio blanco, carlos vicente, jon guridi, carles aleña, kike garcia"
319,2025-04-20,Real Madrid,Athletic,"thibaut courtois, eduardo camavinga, antonio rudiger, raul asencio, federico valverde, dani ceballos, aurelien tchouameni, luka modric, jude bellingham, vinicius junior, rodrygo","unai simon, andoni gorosabel, unai nuñez, aitor paredes, adama boiro, beñat prados, mikel vesga, alvaro djalo, alex berenguer, unai gomez, gorka guruzeta"
320,2025-04-21,Girona,Real Betis,"paulo gazzaniga, miguel gutierrez, daley blind, ladislav krejci, alejandro frances, arthur, ivan martin, arnaut danjuma, yangel herrera, viktor tsygankov, yaser asprilla","adrian, aitor ruibal, marc bartra, natan, romain perraud, johnny cardoso, pablo fornals, antony, isco, abde ezzalzouli, cucho hernandez"
321,2025-04-22,Valencia,Espanyol,"giorgi mamardashvili, jose luis gaya, cristhian mosquera, cesar tarrega, dimitri foulquier, javi guerra, enzo barrenechea, diego lopez, andre almeida, luis rioja, hugo duro","joan garcia, omar el hilali, marash kumbulla, leandro cabrera, carlos romero, urko gonzalez, pol lozano, jofre carreras, edu exposito, javi puado, roberto fernandez"
322,2025-04-22,Barcelona,Mallorca,"wojciech szczesny, hector fort, iñigo martinez, ronald araujo, eric garcia, pedri, gavi, ansu fati, dani olmo, lamine yamal, ferran torres","leo roman, mateu morey, martin valjent, antonio raillo, jose copete, johan mojica, antonio sanchez, omar mascarell, samu costa, sergi darder, cyle larin"
323,2025-04-23,Athletic,Las Palmas,"unai simon, yuri berchiche, yeray alvarez, dani vivian, oscar de marcos, iñigo ruiz de galarreta, mikel jauregizar, alex berenguer, oihan sancet, iñaki williams, maroan sannadi","dinko horkas, viti rozada, alex suarez, scott mckenna, mika marmol, dario essugo, stefan bajcetic, marvin park, alberto moleiro, sandro ramirez, oliver mcburnie"
324,2025-04-23,Celta,Villarreal,"vicente guaita, marcos alonso, carlos dominguez, yoel lago, oscar mingueza, fran beltran, damian rodriguez, hugo alvarez, alfon gonzalez, borja iglesias, fer lopez","luiz junior, kiko femenia, eric bailly, willy kambwala, alfonso pedraza, yeremy pino, santi comesaña, pape gueye, denis suarez, nicolas pepe, thierno barry"
325,2025-04-23,Alavés,R. Sociedad,"antonio sivera, manu sanchez, santiago mouriño, facundo garces, nahuel tenaglia, antonio blanco, joan jordan, carlos martin, jon guridi, carlos vicente, kike garcia","alex remiro, jon aramburu, jon martin, jon pacheco, javi lopez, martin zubimendi, takefusa kubo, brais mendez, pablo marin, sergio gomez, mikel oyarzabal"
326,2025-04-23,Getafe,Real Madrid,"david soria, juan iglesias, omar alderete, domingos duarte, juan berrocal, djene, juan bernat, luis milla, mauro arambarri, ramon terrats, borja mayoral","thibaut courtois, lucas vazquez, raul asencio, david alaba, fran garcia, brahim diaz, arda guler, aurelien tchouameni, federico valverde, endrick, vinicius junior"
327,2025-04-24,Leganés,Girona,"marko dmitrovic, adria altimira, javier hernandez, sergio gonzalez, jorge saenz, valentin rosier, yan diomande, renato tapia, seydouba cisse, juan cruz, dani raba","paulo gazzaniga, david lopez, ladislav krejci, daley blind, arnau martinez, arthur, yangel herrera, miguel gutierrez, viktor tsygankov, cristhian stuani, portu"
328,2025-04-24,Osasuna,Sevilla,"sergio herrera, abel bretones, jorge herrando, alejandro catena, enzo boyomo, jesus areso, aimar oroz, lucas torro, pablo ibañez, ante budimir, ruben garcia","orjan nyland, jose angel carmona, loic bade, kike salas, adria pedrosa, lucien agoume, saul ñiguez, juanlu sanchez, djibril sow, diego hormigo, dodi lukebakio"
329,2025-04-24,Atlético,Rayo Vallecano,"jan oblak, javi galan, clement lenglet, robin le normand, marcos llorente, conor gallagher, pablo barrios, rodrigo de paul, giuliano simeone, julian alvarez, alexander sorloth","augusto batalla, andrei ratiu, florian lejeune, pathe ciss, alfonso espino, unai lopez, oscar valentin, isi palazon, pedro diaz, alvaro garcia, randy nteka"
330,2025-04-24,Real Betis,Real Valladolid,"adrian, ricardo rodriguez, natan, marc bartra, youssouf sabaly, pablo fornals, johnny cardoso, jesus rodriguez, isco, antony, cucho hernandez","andre ferreira, luis perez, eray comert, javi sanchez, adam aznou, stanko juric, anuar, chuky, selim amallah, raul moro, juanmi latasa"
331,2025-05-02,Rayo Vallecano,Getafe,"dani cardenas, josep chavarria, aridane hernandez, florian lejeune, ivan balliu, unai lopez, pathe ciss, alvaro garcia, isi palazon, jorge de frutos, adrian embarba","david soria, djene, juan berrocal, omar alderete, juan iglesias, ramon terrats, mauro arambarri, luis milla, juan bernat, bertug yildirim, borja mayoral"
332,2025-05-03,Alavés,Atlético,"antonio sivera, manu sanchez, santiago mouriño, facundo garces, nahuel tenaglia, ander guevara, antonio blanco, carles aleña, jon guridi, carlos vicente, kike garcia","jan oblak, marcos llorente, robin le normand, clement lenglet, javi galan, giuliano simeone, rodrigo de paul, pablo barrios, conor gallagher, antoine griezmann, julian alvarez"
333,2025-05-03,Villarreal,Osasuna,"luiz junior, sergi cardona, logan costa, juan foyth, kiko femenia, pape gueye, dani parejo, santi comesaña, nicolas pepe, ayoze perez, thierno barry","sergio herrera, jesus areso, enzo boyomo, unai garcia, jorge herrando, abel bretones, moi gomez, lucas torro, aimar oroz, ruben garcia, ante budimir"
334,2025-05-03,Las Palmas,Valencia,"dinko horkas, alex muñoz, mika marmol, alex suarez, viti rozada, stefan bajcetic, dario essugo, sandro ramirez, alberto moleiro, javi muñoz, oliver mcburnie","giorgi mamardashvili, dimitri foulquier, mouctar diakhaby, cristhian mosquera, jose luis gaya, luis rioja, javi guerra, pepelu, diego lopez, rafa mir, hugo duro"
335,2025-05-03,Real Valladolid,Barcelona,"andre ferreira, adam aznou, cenk ozkacar, eray comert, antonio candela, anuar, raul moro, selim amallah, stanko juric, ivan sanchez, mamadou sylla","marc-andre ter stegen, hector fort, ronald araujo, andreas christensen, gerard martin, pedri, gavi, dani rodriguez, fermin lopez, ansu fati, pau victor"
336,2025-05-04,Real Madrid,Celta,"thibaut courtois, fran garcia, raul asencio, aurelien tchouameni, lucas vazquez, federico valverde, dani ceballos, vinicius junior, jude bellingham, arda guler, kylian mbappe","vicente guaita, javi rodriguez, yoel lago, marcos alonso, sergio carreira, fran beltran, hugo sotelo, oscar mingueza, fer lopez, alfon gonzalez, borja iglesias"
337,2025-05-04,Sevilla,Leganés,"orjan nyland, adria pedrosa, kike salas, loic bade, jose angel carmona, saul ñiguez, lucien agoume, dodi lukebakio, peque fernandez, suso, alvaro garcia-pascual","marko dmitrovic, julian chicco, jorge saenz, sergio gonzalez, javier hernandez, juan cruz, renato tapia, darko brasanac, duk, dani raba, munir el haddadi"
338,2025-05-04,Espanyol,Real Betis,"joan garcia, carlos romero, leandro cabrera, marash kumbulla, omar el hilali, pol lozano, urko gonzalez, javi puado, edu exposito, antoniu roca, roberto fernandez","adrian, youssouf sabaly, marc bartra, natan, ricardo rodriguez, william carvalho, sergi altimira, antony, giovanni lo celso, jesus rodriguez, cucho hernandez"
339,2025-05-04,R. Sociedad,Athletic,"alex remiro, aihen muñoz, nayef aguerd, jon martin, hamari traore, martin zubimendi, sergio gomez, pablo marin, brais mendez, takefusa kubo, mikel oyarzabal","unai simon, andoni gorosabel, dani vivian, aitor paredes, iñigo lekue, beñat prados, iñigo ruiz de galarreta, iñaki williams, unai gomez, alex berenguer, gorka guruzeta"
340,2025-05-05,Girona,Mallorca,"paulo gazzaniga, daley blind, ladislav krejci, david lopez, arnau martinez, yangel herrera, arthur, ivan martin, portu, cristhian stuani, viktor tsygankov","domink greif, pablo maffeo, martin valjent, antonio raillo, jose copete, johan mojica, antonio sanchez, samu costa, sergi darder, dani rodriguez, cyle larin"
341,2025-05-09,Las Palmas,Rayo Vallecano,"dinko horkas, mika marmol, juanma herzog, alex suarez, viti rozada, alberto moleiro, stefan bajcetic, dario essugo, javi muñoz, oliver mcburnie, adnan januzaj","augusto batalla, ivan balliu, florian lejeune, aridane hernandez, josep chavarria, oscar valentin, unai lopez, andrei ratiu, isi palazon, adrian embarba, alvaro garcia"
342,2025-05-10,Valencia,Getafe,"giorgi mamardashvili, jose luis gaya, cristhian mosquera, cesar tarrega, dimitri foulquier, pepelu, javi guerra, diego lopez, andre almeida, luis rioja, hugo duro","david soria, juan iglesias, domingos duarte, omar alderete, diego rico, peter federico, ramon terrats, luis milla, juan bernat, alvaro rodriguez, borja mayoral"
343,2025-05-10,Celta,Sevilla,"vicente guaita, marcos alonso, carlos dominguez, yoel lago, oscar mingueza, damian rodriguez, hugo alvarez, williot swedberg, ilaix moriba, pablo duran, iago aspas","orjan nyland, ramon martinez, loic bade, nemanja gudelj, kike salas, juanlu sanchez, lucien agoume, saul ñiguez, adria pedrosa, dodi lukebakio, peque fernandez"
344,2025-05-10,Girona,Villarreal,"paulo gazzaniga, daley blind, ladislav krejci, david lopez, arnau martinez, yangel herrera, arthur, ivan martin, portu, cristhian stuani, viktor tsygankov","luiz junior, pau navarro, juan foyth, logan costa, sergi cardona, santi comesaña, pape gueye, nicolas pepe, alex baena, yeremy pino, ayoze perez"
345,2025-05-10,Mallorca,Real Valladolid,"dominik greif, jojan mojica, antonio raillo, martin valjent, pablo maffeo, samu costa, omar mascarell, sergi darder, dani rodriguez, takuma asano, vedat muriqi","andre ferreira, luis perez, antonio candela, cenk ozkacar, adam aznou, eray comert, chuky, tamas nikitscher, selim amallah, raul moro, juanmi latasa"
346,2025-05-10,Atlético,R. Sociedad,"jan oblak, javi galan, robin le normand, jose maria gimenez, marcos llorente, koke, rodrigo de paul, pablo barrios, samuel lino, alexander sorloth, giuliano simeone","alex remiro, jon aramburu, jon martin, aritz elustondo, javi lopez, martin zubimendi, takefusa kubo, luka sucic, pablo marin, ander barrenetxea, mikel oyarzabal"
347,2025-05-11,Leganés,Espanyol,"marko dmitrovic, renato tapia, jorge saenz, valentin rosier, yan diomande, yvan neyou, seydouba cisse, adria altimira, munir el haddadi, diego garcia, dani raba","joan garcia, jofre carreras, fernando calero, marash kumbulla, leandro cabrera, carlos romero, edu exposito, urko gonzalez, alex kral, javi puado, roberto fernandez"
348,2025-05-11,Barcelona,Real Madrid,"wojciech szczesny, gerard martin, iñigo martinez, pau cubarsi, eric garcia, pedri, frenkie de jong, raphinha, dani olmo, lamine yamal, ferran torres","thibaut courtois, lucas vazquez, aurelien tchouameni, raul asencio, fran garcia, dani ceballos, federico valverde, arda guler, jude bellingham, vinicius junior, kylian mbappe"
349,2025-05-11,Athletic,Alavés,"unai simon, yuri berchiche, yeray alvarez, dani vivian, oscar de marcos, mikel jauregizar, iñigo ruiz de galarreta, alvaro djalo, peio canales, aingeru olabarrieta, maroan sannadi","antonio sivera, santiago mouriño, facundo garces, moussa diarra, manu sanchez, antonio blanco, carlos vicente, jon guridi, ander guevara, carles aleña, toni martinez"
350,2025-05-11,Real Betis,Osasuna,"adrian, romain perraud, natan, marc bartra, aitor ruibal, sergi altimira, william carvalho, abde ezzalzouli, giovanni lo celso, jesus rodriguez, cucho hernandez","sergio herrera, jesus areso, enzo boyomo, alejandro catena, juan cruz, pablo ibañez, lucas torro, ruben garcia, aimar oroz, bryan zaragoza, ante budimir"
351,2025-05-13,Real Valladolid,Girona,"karl hein, henrique, cenk ozkacar, eray comert, iago parente, anuar, raul moro, florian grillitsch, mario martin, chuky, juanmi latasa","paulo gazzaniga, arnau martinez, juanpe, david lopez, daley blind, oriol romeu,arthur, viktor tsygankov, portu, yaser asprilla, abel ruiz"
352,2025-05-13,R. Sociedad,Celta,"alex remiro, aihen muñoz, igor zubeldia, aritz elustondo, hamari traore, pablo marin, martin zubimendi, sergio gomez, brais mendez, takefusa kubo, mikel oyarzabal","vicente guaita, javi rodriguez, carlos dominguez, mihailo ristic, oscar mingueza, fran beltran, ilaix moriba, sergio carreira, fer lopez, borja iglesias, alfon gonzalez"
353,2025-05-13,Sevilla,Las Palmas,"orjan nyland, jose angel carmona, kike salas, loic bade, juanlu sanchez, djibril sow, lucien agoume, dodi lukebakio, alber sambi lokonga, suso, alvaro garcia-pascual","dinko horkas, viti rozada, alex suarez, juanma herzog, mika marmol, sandro ramirez, stefan bajcetic, jose campaña, alberto moleiro, adnan januzaj, oliver mcburnie"
354,2025-05-14,Alavés,Valencia,"antonio sivera, manu sanchez, santiago mouriño, facundo garces, nahuel tenaglia, antonio blanco, carles aleña, ander guevara, jon guridi, carlos vicente, kike garcia","giorgi mamardashvili, cristhian mosquera, cesar tarrega, mouctar diakhaby, jose luis gaya, luis rioja, pepelu, enzo barrenechea, diego lopez, rafa mir, hugo duro"
355,2025-05-14,Villarreal,Leganés,"luiz junior, alfonso pedraza, logan costa, juan foyth, pau navarro, dani parejo, pape gueye, yeremy pino, alex baena, nicolas pepe, ayoze perez","marko dmitrovic, valentin rosier, jorge saenz, javier hernandez, adria altimira, renato tapia, yvan neyou, yan diomande, dani raba, seydouba cisse, diego garcia"
356,2025-05-14,Real Madrid,Mallorca,"thibaut courtois, fran garcia, raul asencio, jacobo ramon, federico valverde, jude bellingham, luka modric, dani ceballos, arda guler, kylian mbappe, endrick","leo roman, mateu morey, martin valjent, antonio raillo, jose copete, toni lato, antonio sanchez, samu costa,sergi darder, vedat muriqi, cyle larin"
357,2025-05-15,Osasuna,Atlético,"sergio herrera, juan cruz, alejandro catena, enzo boyomo, jesus areso, lucas torro, pablo ibañez, bryan zaragoza, aimar oroz, ruben peña, ante budimir","jan oblak, marcos llorente, jose maria gimenez, robin le normand, javi galan, giuliano simeone, rodrigo de paul, koke, pablo barrios, alexander sorloth, julian alvarez"
358,2025-05-15,Rayo Vallecano,Real Betis,"augusto batalla, josep chavarria, aridane hernandez, florian lejeune, ivan balliu, pedro diaz, pathe ciss, alvaro garcia, isi palazon, andrei ratiu, jorge de frutos","adrian, youssouf sabaly, marc bartra, natan, ricardo rodriguez, johnny cardoso, pablo fornals, antony, isco, abde ezzalzouli, cucho hernandez"
359,2025-05-15,Espanyol,Barcelona,"joan garcia, carlos romero, leandro cabrera, marash kumbulla, omar el hilali, pol lozano, urko gonzalez, javi puado, edu exposito, antoniu roca, roberto fernandez","wojciech szczesny, eric garcia, ronald araujo, andreas christensen, gerard martin, frenkie de jong, pedri, lamine yamal, dani olmo, raphinha, robert lewandowski"
360,2025-05-15,Getafe,Athletic,"david soria, diego rico, omar alderete, domingos duarte, juan iglesias, coba da costa, mauro arambarri, luis milla, ramon terrats, christantus uche, alvaro rodriguez","unai simon, dani vivian, yeray alvarez, yuri berchiche, andoni gorosabel, mikel jauregizar, mikel vesga, unai gomez, alex berenguer, gorka gurueta, maroan sannadi"
361,2025-05-18,Atlético,Real Betis,"jan oblak, javi galan, clement lenglet, robin le normand, marcos llorente, samuel lino, koke, rodrigo de paul, giuliano simeone, julian alvarez, alexander sorloth","adrian, aitor ruibal, natan, nobel mendy, romain perraud, johnny cardoso, sergi altimira, pablo fornals, giovanni lo celso, abde ezzalzouli, cedric bakambu"
362,2025-05-18,Barcelona,Villarreal,"marc-andre ter stegen, gerard martin, iñigo martinez, pau cubarsi, eric garcia, pedri, gavi, raphinha, fermin lopez, lamine yamal, robert lewandowski","luiz junior, pau navarro, juan foyth, logan costa, sergi cardona, nicolas pepe, santi comesaña, dani parejo, yeremy pino, alex baena, ayoze perez"
363,2025-05-18,Celta,Rayo Vallecano,"vicente guaita, mihailo ristic, marcos alonso, yoel lago, javier rodriguez, williot swedberg, ilais moriba, fran beltran, oscar mingueza, pablo duran, fer lopez","augusto batalla, ivan balliu, florian lejeune, pathe ciss, alfonso espino, andrei ratiu, unai lopez, oscar valentin, adrian embarba, jorge de frutos, isi palazon"
364,2025-05-18,Las Palmas,Leganés,"dinko horkas, alex muñoz, scott mckenna, juanma herzog, viti rozada, alberto moleiro, dario essugo, enzo loiodice, marvin park, oliver mcburnie, manu fuster","marko dmitrovic, adria altimira, jorge saenz, matija nastasic, javier hernandez, dani raba, seydouba cisse, renato tapia, juan cruz, diego garcia, munir el haddadi"
365,2025-05-18,Mallorca,Getafe,"dominik greif, johan mojica, antonio raillo, martin valjent, mateu morey, samu costa, omar mascarell, dani rodriguez, sergi darder, pablo maffeo, vedat muriqi","david soria, allan nyom, domingos duarte, omar alderete, diego rico, juan iglesias, luis milla, mauro arambarri, christantus uche, ramon terrats, borja mayoral"
366,2025-05-18,Osasuna,Espanyol,"sergio herrera, juan cruz, alejandro catena, enzo boyomo, jesus areso, lucas torro, pablo ibañez, bryan zaragoza, aimar oroz, ruben garcia, ante budimir","joan garcia, omar el hilali, marash kumbulla, fernando calero, carlos romero, urko gonzalez, pol lozano, antoniu roca, edu exposito, javi puado, roberto fernandez"
367,2025-05-18,R. Sociedad,Girona,"alex remiro, javi lopez, igor zubeldia, aritz elustondo, hamari traore, pablo marin, martin zubimendi, ander barrenetxea, brais mendez, takefusa kubo, mikel oyarzabal","vladyslav krapyvtsov, arnau martinez, alejandro frances, ladislav krejci, daley blind, yangel herrera, jon solis, viktor tsygankov, ivan martin, yaser asprilla, cristhian stuani"
368,2025-05-18,Real Valladolid,Alavés,"karl hein, cenk ozkacar, tamas nikitscher, antoniu candela, adam aznou, selim amallah, mario martin, anuar, raul moro, juanmi latasa, xavi moreno","antonio sivera, nahuel tenaglia, facundo garces, santiago mouriño, manu sanchez, antonio blanco, carlos vicente, ander guevara, carles aleña, jon guridi, kike garcia"
369,2025-05-18,Sevilla,Real Madrid,"orjan nyland, jose angel carmona, kike salas, loic bade, juanlu sanchez, djibril sow, lucien agoume, nemanja gudelj, dodi lukebakio, alvaro garcia-pascual,suso","andriy lunin, federico valverde, jacobo ramon, jesus vallejo, fran garcia, arda guler, aurelien tchouameni, luka modric, jude bellingham, endrick, kylian mbappe"
370,2025-05-18,Valencia,Athletic,"giorgi mamardashvili, jose luis gaya, mouctar diakhaby, cesar tarrega, cristhian mosquera, diego lopez, enzo barrenechea, javi guerra, luis rioja, andre almeida, umar sadiq","unai simon, iñigo lekue, dani vivian, aitor paredes, yuri berchiche, iñigo ruiz de galarreta, beñat prados, alex berenguer, oihan sancet, adama boiro, gorka guruzeta"
371,2025-05-23,Real Betis,Valencia,"adrian, aitor ruibal, natan, marc bartra, ricardo rodriguez, pablo fornals, sergi altimira, isco, jesus rodriguez, antony, cucho hernandez","giorgi mamardashvili, jesus vazquez, mouctar diakhaby, cesar tarrega, cristhian mosquera, diego lopez, enzo barrenechea, javi guerra, fran perez, andre almeida, umar sadiq"
372,2025-05-24,Real Madrid,R. Sociedad,"andriy lunin, federico valverde, raul asencio, aurelien tchouameni, fran garcia, arda guler, lucas vazquez, luka modric, dani ceballos, brahim diaz, kylian mbappe","unai marrero, aihen muñoz, jon pacheco, jon martin, jon aramburu, pablo marin, beñat turrientes, sergio gomez, takefusa kubo, luka sucic, arkaitz marriezkurrena"
373,2025-05-24,Espanyol,Las Palmas,"joan garcia, carlos romero, leandro cabrera, ferlando calero, omar el hilali, pol lozano, urko gonzalez, javi puado, edu exposito, jofre carreras, roberto fernandez","dinko horkas, marvin park, juanma herzog, scott mckenna, mika marmol, enzo loiodice, dario essugo, manu fuster, sergio vieira, benito ramirez, jaime mata"
374,2025-05-24,Leganés,Real Valladolid,"marko dmitrovic, javier hernandez, sergio gonzalez, jorge saenz, adria altimira, yan diomande, renato tapia, seydouba cisse, juan cruz, munir el haddadi, dani raba","karl hein, antonio candela, joseph aidoo, eray comert, henrique, anuar, tamas nikitscher, ibrahim alani, raul moro, mamadou sylla, juanmi latasa"
375,2025-05-24,Alavés,Osasuna,"antonio sivera, manu sanchez, alekandar sedlar, facundo garces, nahuel tenaglia, antonio blanco, carlos protesoni, carles aleña, jon guridi, carlos vicente, kike garcia","sergio herrera, jesus areso, enzo boyomo, alejandro catena, juan cruz, pablo ibañez, lucas torro, ruben garcia, aimar oroz, bryan zaragoza, ante budimir"
376,2025-05-24,Getafe,Celta,"david soria, diego rico, juan berrocal, domingos duarte, allan nyom, christantus uche, djene, mauro arambarri, juan iglesias, borja mayoral, ramon terrats","vicente guaita, javi rodriguez, carlos dominguez, marcos alonso, oscar mingueza, fran beltran, ilaix moriba, sergio carreira, iago aspas, alfon gonzalez, borja iglesias"
377,2025-05-24,Rayo Vallecano,Mallorca,"augusto batalla, josep chavarria, aridane hernandez, florian lejeune, ivan balliu, unai lopez, pathe ciss, alvaro garcia, isi palazon, andrei ratiu, jorge de frutos","dominik greif, mateu morey, david lopez, antonio raillo, toni lato, antonio sanchez, samu costa, omar mascarell, sergi darder, vedat muriqi, marc domenech"
378,2025-05-25,Girona,Atlético,"vladyslav krapyvstov, daley blind, ladislav krejci, alejandro frances, arnau martinez, yaser asprilla, arthur, yangel herrera, viktor tsygankov, portu, cristhian stuani","juan musso, nahuel molina, axel witsel, clement lenglet, cesar azpilicueta, marcos llorente, rodrigo de paul, koke, samuel lino, julian alvarez, antoine griezmann"
379,2025-05-25,Villarreal,Sevilla,"diego conde, alfonso pedraza, logan costa, willy kambwala, pau navarro, yeremy pino, denis suarez, pape gueye, tajon buchanan, thierno barry, alex baena","alvaro fernandez, jose angel carmona, kike salas, marcao, adria pedrosa, lucien agoume, nemanja gudelj, juanlu sanchez, suso, djibril sow, alvaro garcia-pascual"
380,2025-05-25,Athletic,Barcelona,"unai simon, yuri berchiche, aitor paredes, unai nuñez, oscar de marcos, mikel jauregizar, iñigo ruiz de galarreta, nico williams, unai gomez, alex berenguer, maroan sannadi","iñaki peña, eric garcia, ronald araujo, pau cubarsi, alejandro balde, gavi, pedri, lamine yamal, fermin lopez, raphinha, robert lewandowski"
